,,,,,,,,,,,,,,lat,long
https://www.google.co.th/maps/place/MAI+i+TIM+-+%E0%B9%84%E0%B8%A1%E0%B9%89%E0%B9%84%E0%B8%AD%E0%B8%95%E0%B8%B4%E0%B8%A1/data=!4m7!3m6!1s0x3102b54a817dd421:0x9112ed6a70d5f930!8m2!3d13.2720372!4d100.9241753!16s%2Fg%2F11nnjkqf__!19sChIJIdR9gUq1AjERMPnVcGrtEpE?authuser=0&hl=th&rclk=1,MAI i TIM - ไม้ไอติม,4.9,(485),ไอศกรีม,?,ถนน บางแสนล่าง,ปิดอยู่,? เปิด 11:00,https://lh5.googleusercontent.com/p/AF1QipMpzLdtnHowqgI0oscBsChFgPw8MFmVCMyJPX6f=w92-h92-k-no,,13.2720372!4d100.9241753,13.2720372!4d100.9241753,"13.2720372,100.9241753",13.2720372,100.9241753
https://www.google.co.th/maps/place/%E0%B9%84%E0%B8%94+%E0%B8%AD%E0%B8%B0+%E0%B8%95%E0%B8%B4%E0%B8%A1+%E3%83%80%E3%82%A4%E3%82%A2%E3%83%86%E3%82%A3%E3%83%A0/data=!4m7!3m6!1s0x3102b52c2890e82b:0x86e3b0fb217f1418!8m2!3d13.2737497!4d100.9233187!16s%2Fg%2F11tczg64jv!19sChIJK-iQKCy1AjERGBR_Ifuw44Y?authuser=0&hl=th&rclk=1,ได อะ ติม ??????,4.7,(38),ไอศกรีม,?,5 หน้าบ้านเลขที่ 94 ถนน บางแสนล่าง 14/3,ปิดอยู่,? เปิด 12:00,https://lh5.googleusercontent.com/p/AF1QipPGASixrR7_uyU_YjZFD6IjKxbj90W3H-6VkWjW=w80-h106-k-no,,13.2737497!4d100.9233187,,"13.2737497,100.9233187",13.2737497,100.9233187
https://www.google.co.th/maps/place/I+SEA+CREAM/data=!4m7!3m6!1s0x3102b5205ba08bbf:0xdd9d60eff0fdf0ed!8m2!3d13.2719538!4d100.9226047!16s%2Fg%2F11pbh76h97!19sChIJv4ugWyC1AjER7fD98O9gnd0?authuser=0&hl=th&rclk=1,I SEA CREAM,4.2,(288),ไอศกรีม,?,108/16-17 ห้อง1 ชั้น 1 ถนน บางแสนล่าง ซอย 12/1,ปิดอยู่,? เปิด 10:00,https://lh5.googleusercontent.com/p/AF1QipOlkjoz4jyAGDtRoAqodxWcrKmF6ckR8oSml93W=w92-h92-k-no,,13.2719538!4d100.9226047,,"13.2719538,100.9226047",13.2719538,100.9226047
https://www.google.co.th/maps/place/%E0%B9%80%E0%B8%AA%E0%B8%A1%E0%B8%B5%E0%B8%A2%E0%B8%99%E0%B9%84%E0%B8%AD%E0%B8%A8%E0%B8%84%E0%B8%A3%E0%B8%B5%E0%B8%A1%28%E0%B8%84%E0%B8%AD%E0%B9%80%E0%B8%82%E0%B8%B2%E0%B8%9A%E0%B8%B2%E0%B8%87%E0%B8%9E%E0%B8%A3%E0%B8%B0%29/data=!4m7!3m6!1s0x3102b67c853aa6b5:0x4d7d64cda0b2a1dc!8m2!3d13.2061307!4d100.9405191!16s%2Fg%2F11c6cj8f6r!19sChIJtaY6hXy2AjER3KGyoM1kfU0?authuser=0&hl=th&rclk=1,เสมียนไอศครีม(คอเขาบางพระ),4.5,(15),ไอศกรีม,?,5/2 ม.9 เทศบาล 1,เปิด 24 ชั่วโมง,,https://lh5.googleusercontent.com/p/AF1QipOJ3hDv-U_IJsvzVAIjBBNDpGAcPmzbxZVlxpH5=w80-h106-k-no,,13.2061307!4d100.9405191,,"13.2061307,100.9405191",13.2061307,100.9405191
https://www.google.co.th/maps/place/%E0%B9%84%E0%B8%AD%E0%B8%81%E0%B8%A3%E0%B8%B5%E0%B8%A1%E0%B8%9F%E0%B9%89%E0%B8%B2%E0%B9%84%E0%B8%97%E0%B8%A2/data=!4m7!3m6!1s0x3102b4c28c719f35:0xb0cdcb749fb32d3e!8m2!3d13.2857346!4d100.9219945!16s%2Fg%2F11bwh5bxh3!19sChIJNZ9xjMK0AjERPi2zn3TLzbA?authuser=0&hl=th&rclk=1,ไอกรีมฟ้าไทย,3.7,(19),ไอศกรีม,?,7WPC+7QX ถนน ลงหาดบางแสน,,,https://lh5.googleusercontent.com/p/AF1QipPXzsa345ZJPssK1tBRFObmy9StUmIFANFmLITn=w80-h106-k-no,,13.2857346!4d100.9219945,,"13.2857346,100.9219945",13.2857346,100.9219945
https://www.google.co.th/maps/place/Duca%E2%80%99tim+Bangsaen/data=!4m7!3m6!1s0x3102b5686f560769:0x85bb926e7438a58!8m2!3d13.272784!4d100.9240392!16s%2Fg%2F11l1nz6b3z!19sChIJaQdWb2i1AjERWIpD5ya5Wwg?authuser=0&hl=th&rclk=1,Ducatim Bangsaen,5.0,(4),ไอศกรีม,?,85 ถนน บางแสนล่าง,ปิดอยู่,? เปิด 17:00,https://lh5.googleusercontent.com/p/AF1QipOQRNBPq_tMHbS1DkYR6ZhGqYlW6Qn4UjemOjFe=w80-h142-k-no,,13.272784!4d100.9240392,,"13.272784,100.9240392",13.272784,100.9240392
https://www.google.co.th/maps/place/%E0%B8%9A%E0%B8%B2%E0%B8%87%E0%B9%81%E0%B8%AA%E0%B8%99%E0%B9%84%E0%B8%AD%E0%B8%A8%E0%B8%84%E0%B8%A3%E0%B8%B5%E0%B8%A1+%E0%B9%84%E0%B8%AD%E0%B8%95%E0%B8%B4%E0%B8%A1%E0%B8%81%E0%B8%B0%E0%B8%97%E0%B8%B4%E0%B8%AA%E0%B8%94+%E0%B8%AA%E0%B8%B2%E0%B8%82%E0%B8%B2%E0%B8%A7%E0%B8%AD%E0%B8%99%E0%B8%99%E0%B8%B2%E0%B8%9E%E0%B8%B2%E0%B8%A3%E0%B9%8C%E0%B8%84/data=!4m7!3m6!1s0x3102b5f277d9654b:0x1b1bd98252cae7b4!8m2!3d13.2741856!4d100.9216081!16s%2Fg%2F11vy5s_4n0!19sChIJS2XZd_K1AjERtOfKUoLZGxs?authuser=0&hl=th&rclk=1,บางแสนไอศครีม ไอติมกะทิสด สาขาวอนนาพาร์ค,5.0,(1),ไอศกรีม,?,แสนสุข 92 ถนน บางแสนล่าง,ปิดอยู่,? เปิด 17:00,https://lh5.googleusercontent.com/p/AF1QipPcYcaOWiNkCViNw1P9MbpdtZoWijA2mIQecLCU=w80-h106-k-no,,13.2741856!4d100.9216081,,"13.2741856,100.9216081",13.2741856,100.9216081
https://www.google.co.th/maps/place/%E0%B9%84%E0%B8%AD%E0%B8%95%E0%B8%B4%E0%B8%A1%E0%B8%97%E0%B8%AD%E0%B8%94%E0%B8%81%E0%B8%94%E0%B8%81%E0%B8%A3%E0%B8%B4%E0%B9%88%E0%B8%87%28%E0%B8%AA%E0%B8%B2%E0%B8%82%E0%B8%B2%E0%B8%AB%E0%B8%B2%E0%B8%94%E0%B8%A7%E0%B8%AD%E0%B8%99%E0%B8%A0%E0%B8%B2%29/data=!4m7!3m6!1s0x3102b57cda6a3895:0x8ac9ed26737a5b94!8m2!3d13.2745422!4d100.9209912!16s%2Fg%2F11sby4cbrq!19sChIJlThq2ny1AjERlFt6cybtyYo?authuser=0&hl=th&rclk=1,ไอติมทอดกดกริ่ง(สาขาหาดวอนภา),4.6,(10),ไอศกรีม,?,86 12 ถนน บางแสนล่าง,ปิดอยู่,? เปิด 16:00,https://lh5.googleusercontent.com/p/AF1QipOczGEnwWQYZQMotNDc1wKjCB3Uwxa5jtwFKmQO=w80-h106-k-no,,13.2745422!4d100.9209912,,"13.2745422,100.9209912",13.2745422,100.9209912
https://www.google.co.th/maps/place/BB-ice%E0%B9%84%E0%B8%AD%E0%B8%95%E0%B8%B4%E0%B8%A1%E0%B8%97%E0%B8%AD%E0%B8%94+%E0%B8%9A%E0%B8%B2%E0%B8%87%E0%B9%81%E0%B8%AA%E0%B8%99/data=!4m7!3m6!1s0x3102b5b4b898e911:0x2c5a585b8da38588!8m2!3d13.2771146!4d100.9298227!16s%2Fg%2F11nlgf2hp4!19sChIJEemYuLS1AjERiIWjjVtYWiw?authuser=0&hl=th&rclk=1,BB-iceไอติมทอด บางแสน,5.0,(3),ไอศกรีม,?,16/59 ถนน ลงหาดบางแสน,ปิดอยู่,? เปิด 17:00,https://lh5.googleusercontent.com/p/AF1QipOsIHrucKRtLuqWspkozeDGvXLChqBm-f-UitXn=w80-h142-k-no,,13.2771146!4d100.9298227,,"13.2771146,100.9298227",13.2771146,100.9298227
https://www.google.co.th/maps/place/%E0%B9%84%E0%B8%AD%E0%B8%A8%E0%B8%84%E0%B8%A3%E0%B8%B5%E0%B8%A1%E0%B9%82%E0%B8%84%E0%B8%95%E0%B8%A3%E0%B8%AD%E0%B8%A3%E0%B9%88%E0%B8%AD%E0%B8%A2+%E0%B8%AA%E0%B8%B2%E0%B8%82%E0%B8%B2%E0%B8%9A%E0%B8%B2%E0%B8%87%E0%B9%81%E0%B8%AA%E0%B8%99/data=!4m7!3m6!1s0x3102b5d8131a3797:0xb767de1906cef30f!8m2!3d13.2828847!4d100.9293581!16s%2Fg%2F11jsgjv6xr!19sChIJlzcaE9i1AjERD_POBhneZ7c?authuser=0&hl=th&rclk=1,ไอศครีมโคตรอร่อย สาขาบางแสน,5.0,(1),ไอศกรีม,?,27 65 ถนนบางแสนสาย 4 ใต้,ปิดอยู่,? เปิด 12:00,https://lh5.googleusercontent.com/p/AF1QipPMiJ4wv71MU8ZyQ1RFrCunY7Bd2VqLOFvgIpSe=w122-h92-k-no,,13.2828847!4d100.9293581,,"13.2828847,100.9293581",13.2828847,100.9293581
https://www.google.co.th/maps/place/%E0%B8%A3%E0%B9%89%E0%B8%B2%E0%B8%99%E0%B9%84%E0%B8%AD%E0%B8%95%E0%B8%B4%E0%B8%A1%E0%B8%99%E0%B8%B1%E0%B8%94%E0%B8%81%E0%B8%B1%E0%B8%99+@%E0%B8%AB%E0%B8%B2%E0%B8%94%E0%B8%9A%E0%B8%B2%E0%B8%87%E0%B9%81%E0%B8%AA%E0%B8%99/data=!4m7!3m6!1s0x311d4b0c6b244293:0x11ca466d8ba9bb92!8m2!3d13.3172029!4d100.933207!16s%2Fg%2F11qqlsgpcd!19sChIJk0IkawxLHTERkrupi21GyhE?authuser=0&hl=th&rclk=1,ร้านไอติมนัดกัน @หาดบางแสน,4.0,(4),ไอศกรีม,?,21 17 หมู่2 ถนน มิตรสัมพันธ์ ซอย.12,เปิด,? ปิด 21:00,https://lh5.googleusercontent.com/p/AF1QipOMeDlJhuMnwnbKHQp0fzPCRCevsSRwo5kjLQyN=w163-h92-k-no,,13.3172029!4d100.933207,,"13.3172029,100.933207",13.3172029,100.933207
https://www.google.co.th/maps/place/Wonkintim/data=!4m7!3m6!1s0x3102b5d67b622cd7:0x21417a522eac9ac!8m2!3d13.2741072!4d100.9212811!16s%2Fg%2F11ssjcjdff!19sChIJ1yxie9a1AjERrMnqIqUXFAI?authuser=0&hl=th&rclk=1,Wonkintim,5.0,(1),ไอศกรีม,?,92 บางแสนสาย 1,ปิดอยู่,? เปิด 17:00,https://lh5.googleusercontent.com/p/AF1QipOxYW0iKoz-vD-VbtC3vWavPuKY5aG4IDJx-VgW=w80-h142-k-no,,13.2741072!4d100.9212811,,"13.2741072,100.9212811",13.2741072,100.9212811
https://www.google.co.th/maps/place/%E0%B8%AA%E0%B8%B0%E0%B8%9A%E0%B8%B2%E0%B8%A2%E0%B8%94%E0%B8%B5+%E0%B9%84%E0%B8%AD%E0%B8%A8%E0%B8%84%E0%B8%A3%E0%B8%B5%E0%B8%A1+%E0%B8%9A%E0%B8%B2%E0%B8%87%E0%B9%81%E0%B8%AA%E0%B8%99/data=!4m7!3m6!1s0x3102b4e3a6de3da9:0xa7d7997d7fb5ef59!8m2!3d13.2756376!4d100.931754!16s%2Fg%2F11b6hzr4cn!19sChIJqT3epuO0AjERWe-1f32Z16c?authuser=0&hl=th&rclk=1,สะบายดี ไอศครีม บางแสน,4.2,(119),ร้านของหวาน,?,?,ปิดอยู่,? เปิด 15:00,https://lh5.googleusercontent.com/p/AF1QipM3npeb0mTtjWUnm6scTEG653GNTKDNxgdMwtXG=w92-h92-k-no,,13.2756376!4d100.931754,,"13.2756376,100.931754",13.2756376,100.931754
https://www.google.co.th/maps/place/Yawbo+frozen+yogurt+at+Bangsan/data=!4m7!3m6!1s0x3102b5d51042e105:0x9eb045f1132b607d!8m2!3d13.2707576!4d100.9261715!16s%2Fg%2F11y1zmp9ht!19sChIJBeFCENW1AjERfWArE_FFsJ4?authuser=0&hl=th&rclk=1,Yawbo frozen yogurt at Bangsan,4.3,(10),ไอศกรีม,,,ปิดอยู่,? เปิด 11:00,https://lh5.googleusercontent.com/p/AF1QipPF1-VAN0_hViRAzBVujI-JCjMUqGlhArTa8BbO=w80-h106-k-no,,13.2707576!4d100.9261715,,"13.2707576,100.9261715",13.2707576,100.9261715
https://www.google.co.th/maps/place/%E0%B9%84%E0%B8%AD%E0%B8%A8%E0%B8%81%E0%B8%A3%E0%B8%B5%E0%B8%A1%E0%B8%A1%E0%B8%AB%E0%B8%B2%E0%B8%8A%E0%B8%B1%E0%B8%A2+%E0%B9%81%E0%B8%AA%E0%B8%99%E0%B8%AA%E0%B8%B8%E0%B8%82/data=!4m7!3m6!1s0x3102b54f3a438a89:0x2304e01315da639f!8m2!3d13.2837175!4d100.9291611!16s%2Fg%2F11nwc69dkf!19sChIJiYpDOk-1AjERn2PaFRPgBCM?authuser=0&hl=th&rclk=1,ไอศกรีมมหาชัย แสนสุข,5.0,(1),ไอศกรีม,?,25 2 ถนนบางแสนสาย 4 ใต้,ปิดอยู่,? เปิด 17:00,https://lh5.googleusercontent.com/p/AF1QipPVXTkF-BAP05PVV8aq7jw2YbwcDmrtclhuaQef=w122-h92-k-no,,13.2837175!4d100.9291611,,"13.2837175,100.9291611",13.2837175,100.9291611
https://www.google.co.th/maps/place/%E0%B9%84%E0%B8%AD%E0%B8%95%E0%B8%B4%E0%B8%A1%E0%B8%97%E0%B8%AD%E0%B8%94%E0%B9%83%E0%B8%99%E0%B8%95%E0%B8%B3%E0%B8%99%E0%B8%B2%E0%B8%99/data=!4m7!3m6!1s0x3102b5e0f440f687:0x839d9068ea343657!8m2!3d13.2850585!4d100.9288723!16s%2Fg%2F11s4w8n_3q!19sChIJh_ZA9OC1AjERVzY06miQnYM?authuser=0&hl=th&rclk=1,ไอติมทอดในตำนาน,5.0,(1),ไอศกรีม,?,7WPH+2GH,,,https://lh5.googleusercontent.com/p/AF1QipMbqogVuso5p-5NADXWk-0rJJRJC2R2Mz6OiTdT=w80-h106-k-no,,13.2850585!4d100.9288723,,"13.2850585,100.9288723",13.2850585,100.9288723
https://www.google.co.th/maps/place/%E0%B8%9A%E0%B8%B2%E0%B8%87%E0%B9%81%E0%B8%AA%E0%B8%99%E0%B9%84%E0%B8%AD%E0%B8%A8%E0%B8%84%E0%B8%A3%E0%B8%B5%E0%B8%A1+%E0%B9%84%E0%B8%AD%E0%B8%95%E0%B8%B4%E0%B8%A1%E0%B8%81%E0%B8%B0%E0%B8%97%E0%B8%B4%E0%B8%AA%E0%B8%94+%E0%B8%AA%E0%B8%B2%E0%B8%82%E0%B8%B2%E0%B8%88%E0%B8%95%E0%B8%B8%E0%B8%88%E0%B8%B1%E0%B8%81%E0%B8%A3/data=!4m7!3m6!1s0x3102b5006e22c8bd:0xf4e88a62a6efc4c8!8m2!3d13.3005842!4d100.9490303!16s%2Fg%2F11vy1461ml!19sChIJvcgibgC1AjERyMTvpmKK6PQ?authuser=0&hl=th&rclk=1,บางแสนไอศครีม ไอติมกะทิสด สาขาจตุจักร,5.0,(2),ไอศกรีม,?,8W2X+6H9 ซอย ตะวันออกคอนกรีต,,,https://lh5.googleusercontent.com/p/AF1QipPgLDwciZ6A2fG5UxBUmUpyjCyDUzwqB-z5NrHK=w80-h106-k-no,,13.3005842!4d100.9490303,,"13.3005842,100.9490303",13.3005842,100.9490303
https://www.google.co.th/maps/place/Battim:+%E0%B9%81%E0%B8%9A%E0%B8%97%E0%B8%95%E0%B8%B4%E0%B8%A1%E0%B9%84%E0%B8%AD%E0%B8%A8%E0%B8%84%E0%B8%A3%E0%B8%B5%E0%B8%A1%E0%B8%99%E0%B8%A1%E0%B8%AA%E0%B8%94/data=!4m7!3m6!1s0x3102b517236117a5:0xda8649492f2e83e3!8m2!3d13.2777215!4d100.9629245!16s%2Fg%2F11l6j5k8tq!19sChIJpRdhIxe1AjER44MuL0lJhto?authuser=0&hl=th&rclk=1,Battim: แบทติมไอศครีมนมสด,5.0,(1),ไอศกรีม,?,121 52,,,https://lh5.googleusercontent.com/p/AF1QipM8zXybHpT-op1g3HYO3R0TEqieOQd68Pd9aAXh=w80-h106-k-no,,13.2777215!4d100.9629245,,"13.2777215,100.9629245",13.2777215,100.9629245
https://www.google.co.th/maps/place/MIXUE+-+%E0%B8%A7%E0%B8%87%E0%B9%80%E0%B8%A7%E0%B8%B5%E0%B8%A2%E0%B8%99%E0%B8%9A%E0%B8%B2%E0%B8%87%E0%B9%81%E0%B8%AA%E0%B8%99/data=!4m7!3m6!1s0x3102b5ab788699bd:0xce67ef088d18a03e!8m2!3d13.2837569!4d100.9160345!16s%2Fg%2F11kqwm164z!19sChIJvZmGeKu1AjERPqAYjQjvZ84?authuser=0&hl=th&rclk=1,MIXUE - วงเวียนบางแสน,4.4,(169),ไอศกรีม,?,"301, 303 Long Had Rd Muang",ใกล้เปิดแล้ว,? 09:00,https://lh5.googleusercontent.com/p/AF1QipMXEyB4aANl2_fAgH6jLWI1B1EV6i-7jTteksE=w80-h106-k-no,,13.2837569!4d100.9160345,,"13.2837569,100.9160345",13.2837569,100.9160345
https://www.google.co.th/maps/place/Ai-CHA+%E0%B8%9A%E0%B8%B2%E0%B8%87%E0%B9%81%E0%B8%AA%E0%B8%99/data=!4m7!3m6!1s0x3102b5b2b8b07e89:0x5fa201c3971cab50!8m2!3d13.2811729!4d100.92882!16s%2Fg%2F11vk3w2d89!19sChIJiX6wuLK1AjERUKscl8MBol8?authuser=0&hl=th&rclk=1,Ai-CHA บางแสน,4.2,(13),ไอศกรีม,?,14 1 ถนนบางแสนสาย 4 ใต้,ปิดอยู่,? เปิด 10:00,https://lh5.googleusercontent.com/p/AF1QipNmQC0c2vBqzBkUrZMjXBW43GBLeu3TMcZI_dFU=w122-h92-k-no,,13.2811729!4d100.92882,,"13.2811729,100.92882",13.2811729,100.92882
https://www.google.co.th/maps/place/Wedrink+%E0%B8%9A%E0%B8%B2%E0%B8%87%E0%B9%81%E0%B8%AA%E0%B8%99/data=!4m7!3m6!1s0x3102b5c54171a5a3:0xcb9f57e0c40dbe9c!8m2!3d13.2871531!4d100.9293897!16s%2Fg%2F11wwmt48ff!19sChIJo6VxQcW1AjERnL4NxOBXn8s?authuser=0&hl=th&rclk=1,Wedrink บางแสน,5.0,(4),ไอศกรีม,?,บ้านเลขที่ 190 ถนนลงหาดบางแสน ต.แสนสุข อ.เมืองชลบุรี,,,https://lh5.googleusercontent.com/p/AF1QipP6EvO8jDiDrlpOIEpnCBoQDXuwIeFilLWZdr5A=w92-h92-k-no,,13.2871531!4d100.9293897,,"13.2871531,100.9293897",13.2871531,100.9293897
https://www.google.co.th/maps/place/TAMA%27+CREAMERY/data=!4m7!3m6!1s0x3102b5fcd941bc1f:0x279dc0ed9d51583!8m2!3d13.2791162!4d100.9338211!16s%2Fg%2F11vhd_fmsl!19sChIJH7xB2fy1AjERgxXV2Q7ceQI?authuser=0&hl=th&rclk=1,TAMA' CREAMERY,5.0,(2),ไอศกรีม,?,แสนสุข 31/2 ซอยสันติเกษม2 ตำบลแสนสุข อำเภอเมือง,ปิดอยู่,? เปิด 10:00,https://lh5.googleusercontent.com/p/AF1QipNuCK7PIQx3QbR1kYGxaLnlaZLmGTe8lLCJIToJ=w80-h106-k-no,,13.2791162!4d100.9338211,,"13.2791162,100.9338211",13.2791162,100.9338211
https://www.google.co.th/maps/place/%E0%B8%A3%E0%B9%89%E0%B8%B2%E0%B8%99%E0%B9%84%E0%B8%AD%E0%B8%95%E0%B8%B4%E0%B8%A1%E0%B9%83%E0%B8%AA%E0%B9%88%E0%B9%84%E0%B8%82%E0%B9%88%E0%B8%8A%E0%B8%A5%E0%B8%9A%E0%B8%B8%E0%B8%A3%E0%B8%B5+%E0%B8%AA%E0%B8%B2%E0%B8%82%E0%B8%B2%E0%B8%9A%E0%B8%B2%E0%B8%87%E0%B9%81%E0%B8%AA%E0%B8%99/data=!4m7!3m6!1s0x3102b516a739d249:0xfe61910bdae4b512!8m2!3d13.28516!4d100.920672!16s%2Fg%2F11w913sx97!19sChIJSdI5pxa1AjERErXk2guRYf4?authuser=0&hl=th&rclk=1,ร้านไอติมใส่ไข่ชลบุรี สาขาบางแสน,5.0,(3),ไอศกรีม,?,193 5 ถนน ลงหาดบางแสน,ปิดอยู่,? เปิด 11:00,https://lh5.googleusercontent.com/p/AF1QipNbr37ia0Wzkk28j3D838Nq5fuVMDN02KOpA5rY=w80-h142-k-no,,13.28516!4d100.920672,,"13.28516,100.920672",13.28516,100.920672
https://www.google.co.th/maps/place/%E0%B8%9A%E0%B8%B4%E0%B8%A5+%E0%B9%84%E0%B8%AD%E0%B8%A8%E0%B8%84%E0%B8%A3%E0%B8%B5%E0%B8%A1%E0%B9%82%E0%B8%AE%E0%B8%A1%E0%B9%80%E0%B8%A1%E0%B8%94/data=!4m7!3m6!1s0x3102b75f0fffb7f3:0x15ed50ed95289cef!8m2!3d13.2133361!4d100.9468646!16s%2Fg%2F11g0ldt4t5!19sChIJ87f_D1-3AjER75wole1Q7RU?authuser=0&hl=th&rclk=1,บิล ไอศครีมโฮมเมด,4.8,(26),ไอศกรีม,?,19 ถนน เทศบาล 7,ปิดอยู่,? เปิด 10:00,https://lh5.googleusercontent.com/p/AF1QipP1P49ixXbL4tgBClYH3or9oGahQwnFDfkSmhcd=w163-h92-k-no,,13.2133361!4d100.9468646,,"13.2133361,100.9468646",13.2133361,100.9468646
https://www.google.co.th/maps/place/Jessie%27s+Ice+Cream/data=!4m7!3m6!1s0x311d355ab383aebd:0x7057bd5ca896aee1!8m2!3d13.2865489!4d100.9231143!16s%2Fg%2F11pd1f3783!19sChIJva6Ds1o1HTER4a6WqFy9V3A?authuser=0&hl=th&rclk=1,Jessie's Ice Cream,4.4,(30),ไอศกรีม,?,บางแสนสาย 3 ซอย 2,ปิดอยู่,? เปิด 10:00,https://lh5.googleusercontent.com/p/AF1QipO1924SCSBX0A79KNzNCvHoNwKwtGujz0FVdmKe=w80-h106-k-no,,13.2865489!4d100.9231143,,"13.2865489,100.9231143",13.2865489,100.9231143
https://www.google.co.th/maps/place/%E0%B9%84%E0%B8%AD%E0%B8%A8%E0%B8%84%E0%B8%A3%E0%B8%B5%E0%B8%A1+%E0%B9%82%E0%B8%AE%E0%B8%A1%E0%B9%80%E0%B8%A1%E0%B8%94+%E0%B8%A8%E0%B8%A3%E0%B8%B5%E0%B8%A3%E0%B8%B2%E0%B8%8A%E0%B8%B2+Big+Sister/data=!4m7!3m6!1s0x3102b513fc81eceb:0x13541d7c8d33aac7!8m2!3d13.2227055!4d100.9505242!16s%2Fg%2F11q1v8v3_0!19sChIJ6-yB_BO1AjERx6ozjXwdVBM?authuser=0&hl=th&rclk=1,ไอศครีม โฮมเมด ศรีราชา Big Sister,4.5,(10),ไอศกรีม,?,?,ปิดอยู่,? เปิด 12:00,https://lh5.googleusercontent.com/p/AF1QipMtr7yzBd8uTptwEUzbiFSFBfzZ6UIwv6PlgqOC=w80-h106-k-no,,13.2227055!4d100.9505242,,"13.2227055,100.9505242",13.2227055,100.9505242
https://www.google.co.th/maps/place/Wangjai+Ice+cream+%E0%B8%A7%E0%B8%B2%E0%B8%87%E0%B9%83%E0%B8%88%E0%B9%84%E0%B8%AD%E0%B8%A8%E0%B8%84%E0%B8%A3%E0%B8%B5%E0%B8%A1/data=!4m7!3m6!1s0x3102b5d4805f01d3:0xa4292a5d3ec77ccc!8m2!3d13.2964454!4d100.9214924!16s%2Fg%2F11sqchlyf8!19sChIJ0wFfgNS1AjERzHzHPl0qKaQ?authuser=0&hl=th&rclk=1,Wangjai Ice cream วางใจไอศครีม,5.0,(1),ไอศกรีม,?,"76 ถ.ข้าวหลาม, ต.แสนสุข อ.เมือง ชลบุรี, 20000",ใกล้เปิดแล้ว,? 09:00,https://lh5.googleusercontent.com/p/AF1QipM1Xk0_Umz0aJgB2kn8gwTtD2wthY8r42We5RJk=w92-h92-k-no,,13.2964454!4d100.9214924,,"13.2964454,100.9214924",13.2964454,100.9214924
https://www.google.co.th/maps/place/Monsters%E0%B9%84%E0%B8%AD%E0%B8%95%E0%B8%B4%E0%B8%A1%E0%B8%9C%E0%B8%B1%E0%B8%94+%E0%B8%9A%E0%B8%B2%E0%B8%87%E0%B9%81%E0%B8%AA%E0%B8%99/data=!4m7!3m6!1s0x3102b52fc6cba30b:0xe79e9ace765a63a8!8m2!3d13.2801513!4d100.9300145!16s%2Fg%2F11scs_36kw!19sChIJC6PLxi-1AjERqGNads6anuc?authuser=0&hl=th&rclk=1,Monstersไอติมผัด บางแสน,3.0,(2),ไอศกรีม,?,59 10 ถ ถนนบางแสนสาย 4 ใต้,ปิดอยู่,? เปิด 17:00,https://lh5.googleusercontent.com/p/AF1QipMOQJDMPqBRRzSNhEYl740-KurPIu5Dq7oRpxUi=w80-h106-k-no,,13.2801513!4d100.9300145,,"13.2801513,100.9300145",13.2801513,100.9300145
https://www.google.co.th/maps/place/Bangsaenwanmak/data=!4m7!3m6!1s0x3102b50029534169:0xc23f32d6080e9343!8m2!3d13.2856384!4d100.9231145!16s%2Fg%2F11y44v7yqr!19sChIJaUFTKQC1AjERQ5MOCNYyP8I?authuser=0&hl=th&rclk=1,Bangsaenwanmak,5.0,(1),ไอศกรีม,?,7WPF+765 ถนน ลงหาดบางแสน,ปิดอยู่,? เปิด 11:00,https://lh5.googleusercontent.com/p/AF1QipOXGe9Iy3X1ZuY0fZf_hN4IZu-AvVwdMtpNZaM3=w80-h106-k-no,,13.2856384!4d100.9231145,,"13.2856384,100.9231145",13.2856384,100.9231145
https://www.google.co.th/maps/place/%E0%B9%84%E0%B8%AD%E0%B8%A8%E0%B8%84%E0%B8%A3%E0%B8%B5%E0%B8%A1%E0%B8%9A%E0%B8%B8%E0%B8%9F%E0%B9%80%E0%B8%9F%E0%B9%88%E0%B8%95%E0%B9%8C+%E0%B8%9A%E0%B8%B2%E0%B8%87%E0%B8%9E%E0%B8%A3%E0%B8%B0%28PR+Cafe%27+@Bangphra%29/data=!4m7!3m6!1s0x3102b7af94121557:0xa39662e4092d381e!8m2!3d13.2173597!4d100.9502279!16s%2Fg%2F11ghpmkw_l!19sChIJVxUSlK-3AjERHjgtCeRilqM?authuser=0&hl=th&rclk=1,ไอศครีมบุฟเฟ่ต์ บางพระ(PR Cafe' @Bangphra),4.7,(62),ไอศกรีม,?,โรงเรียนประเสิรฐสุข 24/101 ม.6 ซอย บ้านเอื้ออาทรจังหวัดชลบุรี,ใกล้เปิดแล้ว,? 09:00,https://lh5.googleusercontent.com/p/AF1QipOZg-AEdTdxpnZwkFwkpG-3SXvhQ2aPnssEPU5f=w122-h92-k-no,,13.2173597!4d100.9502279,,"13.2173597,100.9502279",13.2173597,100.9502279
https://www.google.co.th/maps/place/WE+ARE+ICE+CREAM/data=!4m7!3m6!1s0x311d4b18c618fea5:0x353a5fd5a879337d!8m2!3d13.3268799!4d100.9386623!16s%2Fg%2F11x2ntmqps!19sChIJpf4YxhhLHTERfTN5qNVfOjU?authuser=0&hl=th&rclk=1,WE ARE ICE CREAM,5.0,(21),ไอศกรีม,?,186,ปิดอยู่,? เปิด 10:30,https://lh5.googleusercontent.com/p/AF1QipPSxx6OEXnd_XgVHX0dcQec8hy0wwlh64vXyhCm=w80-h106-k-no,,13.3268799!4d100.9386623,,"13.3268799,100.9386623",13.3268799,100.9386623
https://www.google.co.th/maps/place/%E0%B9%84%E0%B8%AD%E0%B8%95%E0%B8%B4%E0%B8%A1%E0%B9%82%E0%B8%9A%E0%B8%A3%E0%B8%B2%E0%B8%93/data=!4m7!3m6!1s0x3102b55f5ddf0c9b:0x8cedff8e293cc687!8m2!3d13.2773659!4d100.9395863!16s%2Fg%2F11kryw3jlx!19sChIJmwzfXV-1AjERh8Y8KY7_7Yw?authuser=0&hl=th&rclk=1,ไอติมโบราณ,5.0,(1),ไอศกรีม,?,78/8 ซอย หนองมนวิลล่า 1,ใกล้เปิดแล้ว,? 09:00,https://streetviewpixels-pa.googleapis.com/v1/thumbnail?panoid=YtN_8CfQmUSzd2RWirzqMQ&cb_client=search.gws-prod.gps&w=80&h=92&yaw=13.143292&pitch=0&thumbfov=100,,13.2773659!4d100.9395863,,"13.2773659,100.9395863",13.2773659,100.9395863
https://www.google.co.th/maps/place/1000%E0%B9%84%E0%B8%AD%E0%B8%95%E0%B8%B4%E0%B8%A1+%7C+Ice+Cream/data=!4m7!3m6!1s0x3102b590fe898717:0xa947b00c34d32dad!8m2!3d13.2231779!4d100.950984!16s%2Fg%2F11vql011s6!19sChIJF4eJ_pC1AjERrS3TNAywR6k?authuser=0&hl=th&rclk=1,1000ไอติม | Ice Cream,5.0,(5),ไอศกรีม,?,เทศบาล 6,ปิดอยู่,? เปิด 15:00,https://lh5.googleusercontent.com/p/AF1QipP8gY9kCdmoFJWJNglEPWglY_O-Ge4PGithe6UB=w80-h106-k-no,,13.2231779!4d100.950984,,"13.2231779,100.950984",13.2231779,100.950984
https://www.google.co.th/maps/place/%E0%B9%80%E0%B8%A5%E0%B8%B5%E0%B8%A2%E0%B8%A5%E0%B9%89%E0%B8%A1+%E0%B9%84%E0%B8%AD%E0%B8%A8%E0%B8%81%E0%B8%A3%E0%B8%B5%E0%B8%A1+-+%E0%B9%81%E0%B8%A5%E0%B9%89%E0%B8%A7%E0%B8%9A%E0%B8%AD%E0%B8%81%E0%B8%A7%E0%B9%88%E0%B8%B2%E0%B9%80%E0%B8%9E%E0%B8%B7%E0%B9%88%E0%B8%AD%E0%B8%99%E0%B8%81%E0%B8%B1%E0%B8%99/data=!4m7!3m6!1s0x311d35f7f640b44f:0x290f72d84c95e562!8m2!3d13.3170976!4d101.0201387!16s%2Fg%2F11t_pp16bm!19sChIJT7RA9vc1HTERYuWVTNhyDyk?authuser=0&hl=th&rclk=1,เลียล้ม ไอศกรีม - แล้วบอกว่าเพื่อนกัน,4.9,(10),ไอศกรีม,?,65 15,ปิดอยู่,? เปิด 16:30,https://lh5.googleusercontent.com/p/AF1QipNUDWT7PtQ73TRA6lgTXKem4AxX420Y5e6D81CA=w80-h98-k-no,,13.3170976!4d101.0201387,,"13.3170976,101.0201387",13.3170976,101.0201387
https://www.google.co.th/maps/place/%E0%B8%A3%E0%B9%89%E0%B8%B2%E0%B8%99%E0%B8%99%E0%B9%89%E0%B8%B3%E0%B8%A1%E0%B8%B0%E0%B8%9E%E0%B8%A3%E0%B9%89%E0%B8%B2%E0%B8%A7%E0%B8%99%E0%B9%89%E0%B8%B3%E0%B8%AB%E0%B8%AD%E0%B8%A1%E0%B8%9B%E0%B8%B1%E0%B9%88%E0%B8%99%E0%B8%99%E0%B9%89%E0%B8%AD%E0%B8%87%E0%B8%A7%E0%B9%88%E0%B8%B2%E0%B8%99/data=!4m7!3m6!1s0x3102b50017a0046d:0xe60152df22204b50!8m2!3d13.2928538!4d100.9685877!16s%2Fg%2F11ldhb9t7d!19sChIJbQSgFwC1AjERUEsgIt9SAeY?authuser=0&hl=th&rclk=1,ร้านน้ำมะพร้าวน้ำหอมปั่นน้องว่าน,5.0,(4),ไอศกรีม,?,14/5 วสิกรัตน์,เปิด,? ปิด 17:00,https://lh5.googleusercontent.com/p/AF1QipPxONpTIuJu20JseiROT9qjQxF3tSerKSC-lqY4=w163-h92-k-no,,13.2928538!4d100.9685877,,"13.2928538,100.9685877",13.2928538,100.9685877
https://www.google.co.th/maps/place/%E0%B8%8B%E0%B8%B1%E0%B8%99%E0%B8%A5%E0%B8%B9%E0%B8%99/data=!4m7!3m6!1s0x3102cbdb05525967:0xddd7ecbc820b71cd!8m2!3d13.2204408!4d101.0060957!16s%2Fg%2F11vrtdwmk2!19sChIJZ1lSBdvLAjERzXELgrzs190?authuser=0&hl=th&rclk=1,ซันลูน,4.8,(82),ไอศกรีม,?,222,ปิดอยู่,? เปิด 09:30,https://lh5.googleusercontent.com/p/AF1QipPC6I0NxbI7tDbT8tiecHxEYzGW_zdJsSjbbUmq=w122-h92-k-no,,13.2204408!4d101.0060957,,"13.2204408,101.0060957",13.2204408,101.0060957
https://www.google.co.th/maps/place/%E0%B8%97%E0%B8%B2%E0%B8%A1%E0%B8%B0%E0%B9%84%E0%B8%AD%E0%B8%AA%E0%B8%B8+%E0%B9%84%E0%B8%AD%E0%B8%95%E0%B8%B4%E0%B8%A1%E0%B8%95%E0%B8%AD%E0%B8%81%E0%B9%84%E0%B8%82%E0%B9%88/data=!4m7!3m6!1s0x3102b5c8d0cfd3a5:0xc225fbb9b5368298!8m2!3d13.2965129!4d100.9219987!16s%2Fg%2F11sdz6_w_l!19sChIJpdPP0Mi1AjERmII2tbn7JcI?authuser=0&hl=th&rclk=1,ทามะไอสุ ไอติมตอกไข่,3.7,(3),ไอศกรีม,?,7WWC+JQ5 ถนน ข้าวหลาม,ปิดอยู่,? เปิด 15:00,https://lh5.googleusercontent.com/p/AF1QipMRWTdKe84zqaML9SKnr8WpV4l9KeIiZEUGs4Zx=w80-h106-k-no,,13.2965129!4d100.9219987,,"13.2965129,100.9219987",13.2965129,100.9219987
https://www.google.co.th/maps/place/Swensen%E2%80%99s+Bangsaen+Beach/data=!4m7!3m6!1s0x3102b50063c0f405:0x1f93e7ae28fe05b4!8m2!3d13.2883777!4d100.9121044!16s%2Fg%2F11wnqltt4v!19sChIJBfTAYwC1AjERtAX-KK7nkx8?authuser=0&hl=th&rclk=1,Swensens Bangsaen Beach,4.6,(179),ไอศกรีม,?,?,ปิดอยู่,? เปิด 10:00,https://lh5.googleusercontent.com/p/AF1QipNiQcNcecwFEwVvXmDUEsmzfrLVJR2NHfi3rW4=w122-h92-k-no,,13.2883777!4d100.9121044,,"13.2883777,100.9121044",13.2883777,100.9121044
https://www.google.co.th/maps/place/%E0%B9%80%E0%B8%AA%E0%B8%A1%E0%B8%B5%E0%B8%A2%E0%B8%99%E0%B9%84%E0%B8%AD%E0%B8%A8%E0%B8%84%E0%B8%A3%E0%B8%B5%E0%B8%A1+%28%E0%B8%AA%E0%B8%B2%E0%B8%82%E0%B8%B2%E0%B8%96%E0%B8%99%E0%B8%99%E0%B8%AA%E0%B8%B8%E0%B8%82%E0%B8%B8%E0%B8%A1%E0%B8%A7%E0%B8%B4%E0%B8%97%29/data=!4m7!3m6!1s0x3102b7432dd4d7ab:0x332c2c04d5439d21!8m2!3d13.1887925!4d100.9330558!16s%2Fg%2F11rqw2tw5v!19sChIJq9fULUO3AjERIZ1D1QQsLDM?authuser=0&hl=th&rclk=1,เสมียนไอศครีม (สาขาถนนสุขุมวิท),4.4,(7),ไอศกรีม,?,105 ม.9,เปิด,? ปิด 18:50,https://lh5.googleusercontent.com/p/AF1QipP9R89xnK9Otfx0XCB6Hr-wd7X-Ce-aRifM5Zn8=w87-h92-k-no,,13.1887925!4d100.9330558,,"13.1887925,100.9330558",13.1887925,100.9330558
https://www.google.co.th/maps/place/%E0%B9%82%E0%B8%AE%E0%B8%A2%E0%B8%AD%E0%B8%99+%E0%B8%9A%E0%B8%B4%E0%B8%87%E0%B8%8B%E0%B8%B9+%E0%B8%9A%E0%B8%B2%E0%B8%87%E0%B9%81%E0%B8%AA%E0%B8%99+%28Ho+Yeon+Bingsu%29/data=!4m7!3m6!1s0x3102b5e2ffdea9af:0xfadc8ba0f39ee491!8m2!3d13.2796888!4d100.9444643!16s%2Fg%2F11l2pl54q2!19sChIJr6ne_-K1AjERkeSe86CL3Po?authuser=0&hl=th&rclk=1,โฮยอน บิงซู บางแสน (Ho Yeon Bingsu),4.8,(20),ไอศกรีม,?,61 19 ถนน แสนสุข,ปิดอยู่,? เปิด 12:00,https://lh5.googleusercontent.com/p/AF1QipO6-thvu-nROpgWw1naoVCK8rlZ1QChw5V1hS0l=w80-h106-k-no,,13.2796888!4d100.9444643,,"13.2796888,100.9444643",13.2796888,100.9444643
https://www.google.co.th/maps/place/%E0%B8%A1%E0%B8%B2%E0%B8%A3%E0%B9%8C%E0%B9%80%E0%B8%98%E0%B8%AD%E0%B8%A3%E0%B9%8C/data=!4m7!3m6!1s0x3102b7f6f1b70fd7:0xfe67ea5abef84dd3!8m2!3d13.2024535!4d100.937634!16s%2Fg%2F11sc41rnn3!19sChIJ1w-38fa3AjER0034vlrqZ_4?authuser=0&hl=th&rclk=1,มาร์เธอร์,4.4,(322),ไอศกรีม,?,?,ปิดอยู่,? เปิด 10:00,https://lh5.googleusercontent.com/p/AF1QipNz2svPOOVgoIschhLOi7GO4HN1luUQpnWPNDAO=w80-h106-k-no,,13.2024535!4d100.937634,,"13.2024535,100.937634",13.2024535,100.937634
https://www.google.co.th/maps/place/%E0%B8%B8%E0%B8%84%E0%B8%B8%E0%B8%93%E0%B8%99%E0%B8%B2%E0%B8%A2%E0%B9%84%E0%B8%AD%E0%B8%A8%E0%B8%84%E0%B8%A3%E0%B8%B5%E0%B8%A1/data=!4m7!3m6!1s0x3102b704f6a1950f:0x1811a6add9fc3c15!8m2!3d13.1996597!4d100.9588995!16s%2Fg%2F11m7xgypk_!19sChIJD5Wh9gS3AjERFTz82a2mERg?authuser=0&hl=th&rclk=1,ุคุณนายไอศครีม,4.5,(2),ร้านอาหาร,?,5XX5+VH6,,,https://lh5.googleusercontent.com/p/AF1QipPdSIJaasfYTR6WvTTPPIfRa0yuz8YYbhe_-IkD=w80-h106-k-no,,13.1996597!4d100.9588995,,"13.1996597,100.9588995",13.1996597,100.9588995
https://www.google.co.th/maps/place/%E0%B9%80%E0%B8%9B%E0%B9%87%E0%B8%99%E0%B8%81%E0%B8%B4%E0%B8%99%E2%80%8B%E0%B9%84%E0%B8%AD%E0%B8%A8%E0%B8%81%E0%B8%A3%E0%B8%B5%E0%B8%A1%E2%80%8B/data=!4m7!3m6!1s0x3102b7b157c9b2e9:0x9e65a445984a780e!8m2!3d13.1766814!4d100.9410494!16s%2Fg%2F11vkggb00s!19sChIJ6bLJV7G3AjERDnhKmEWkZZ4?authuser=0&hl=th&rclk=1,เป็นกิน?ไอศกรีม?,5.0,(33),ไอศกรีม,?,34 105,เปิด,? ปิด 20:30,https://lh5.googleusercontent.com/p/AF1QipMrGWnKfLTo2NuU-NjfvY_PSPznxXmSeWvoQM2S=w177-h92-k-no,,13.1766814!4d100.9410494,,"13.1766814,100.9410494",13.1766814,100.9410494
https://www.google.co.th/maps/place/MAI+i+TIM+-+%E0%B9%84%E0%B8%A1%E0%B9%89%E0%B9%84%E0%B8%AD%E0%B8%95%E0%B8%B4%E0%B8%A1+%E0%B8%AA%E0%B8%B2%E0%B8%82%E0%B8%B2%E0%B8%A8%E0%B8%A3%E0%B8%B5%E0%B8%A3%E0%B8%B2%E0%B8%8A%E0%B8%B2/data=!4m7!3m6!1s0x3102b78ba0eb074b:0xc3cbeb986b79df40!8m2!3d13.183477!4d100.9311553!16s%2Fg%2F11x312bdfw!19sChIJSwfroIu3AjERQN95a5jry8M?authuser=0&hl=th&rclk=1,MAI i TIM - ไม้ไอติม สาขาศรีราชา,5.0,(98),ไอศกรีม,?,?,ปิดอยู่,? เปิด 10:00,https://lh5.googleusercontent.com/p/AF1QipNc6aXO25pBDuxsdB8BOLmFolUJbv2b1kmBH7J2=w80-h106-k-no,,13.183477!4d100.9311553,,"13.183477,100.9311553",13.183477,100.9311553
https://www.google.co.th/maps/place/%E0%B9%80%E0%B8%84%E0%B8%A3%E0%B8%9B%E0%B8%A7%E0%B8%B4%E0%B8%A8%E0%B8%A7%E0%B8%B0%E0%B8%9A%E0%B8%B2%E0%B8%87%E0%B9%81%E0%B8%AA%E0%B8%99%28%E0%B8%AB%E0%B8%AD%E0%B8%A1%E0%B8%99%E0%B8%B2%E0%B8%99%29/data=!4m7!3m6!1s0x3102b7e399300e79:0xe9c5b34fca56002d!8m2!3d13.2757069!4d100.9316685!16s%2Fg%2F11q3mrtyg8!19sChIJeQ4wmeO3AjERLQBWyk-zxek?authuser=0&hl=th&rclk=1,เครปวิศวะบางแสน(หอมนาน),4.3,(19),เครป,?,102 ติดร้านไอศครีมสบายดี 12 ถนน มาบมะยม,ปิดอยู่,? เปิด 14:30,https://lh5.googleusercontent.com/p/AF1QipNi-2Cvlkwie8gDXKiygE0oFTGLkrn7N8IjoGi9=w80-h106-k-no,,13.2757069!4d100.9316685,,"13.2757069,100.9316685",13.2757069,100.9316685
https://www.google.co.th/maps/place/Bus+Icecream/data=!4m7!3m6!1s0x311d3576874d9e21:0x38081b48dda08f3f!8m2!3d13.3464176!4d100.9973531!16s%2Fg%2F11fy4w7cdp!19sChIJIZ5Nh3Y1HTERP4-g3UgbCDg?authuser=0&hl=th&rclk=1,Bus Icecream,5.0,(3),ไอศกรีม,?,"41, 33 ถ. เลี่ยงเมืองชลบุรี",เปิด,? ปิด 18:00,https://lh5.googleusercontent.com/p/AF1QipMjRPB1aRU50up9XFPGuypd4bstMGKzU947T_tr=w163-h92-k-no,,13.3464176!4d100.9973531,,"13.3464176,100.9973531",13.3464176,100.9973531
https://www.google.co.th/maps/place/Seoul+Bingsu+Korean+Dessert+Cafe/data=!4m7!3m6!1s0x3102b4dbf9ee4bb1:0x52ab50f0f05ca627!8m2!3d13.2797684!4d100.9203378!16s%2Fg%2F11c74d0yys!19sChIJsUvu-du0AjERJ6Zc8PBQq1I?authuser=0&hl=th&rclk=1,Seoul Bingsu Korean Dessert Cafe,4.3,(316),ไอศกรีม,?,?,ปิดอยู่,? เปิด 15:00,https://lh5.googleusercontent.com/p/AF1QipNOR0iWk9Mtpm_syL4IZYLTgHpaMvRZEx_6PjE=w122-h92-k-no,,13.2797684!4d100.9203378,,"13.2797684,100.9203378",13.2797684,100.9203378
https://www.google.co.th/maps/place/%E0%B9%84%E0%B8%AD%E0%B8%A8%E0%B8%81%E0%B8%A3%E0%B8%B5%E0%B8%A1+%E0%B9%82%E0%B8%AE%E0%B8%A1%E0%B9%80%E0%B8%A1%E0%B8%94+%E0%B8%9F%E0%B8%B4%E0%B8%99%E0%B8%A1%E0%B8%AD%E0%B8%A3%E0%B9%8C/data=!4m7!3m6!1s0x3102b73d8e979e53:0xfc10c57ca6f3a2e!8m2!3d13.1674248!4d100.9291391!16s%2Fg%2F11trtvplf1!19sChIJU56Xjj23AjERLjpvylcMwQ8?authuser=0&hl=th&rclk=1,ไอศกรีม โฮมเมด ฟินมอร์,4.5,(11),ไอศกรีม,?,999 ถนน ศรีราชานคร 2,,,https://lh5.googleusercontent.com/p/AF1QipMjL3MUoDSLuY6vmSv2YrgcOz_1IzOhju0FsbX8=w80-h106-k-no,,13.1674248!4d100.9291391,,"13.1674248,100.9291391",13.1674248,100.9291391
https://www.google.co.th/maps/place/%E0%B8%9A%E0%B9%89%E0%B8%B2%E0%B8%99%E0%B9%84%E0%B8%AD%E0%B8%95%E0%B8%B4%E0%B8%A1/data=!4m7!3m6!1s0x311d4b95fe8c6cf1:0x99d34e470762d6f3!8m2!3d13.3355359!4d100.9584248!16s%2Fg%2F11gpnfjl0q!19sChIJ8WyM_pVLHTER89ZiB0dO05k?authuser=0&hl=th&rclk=1,บ้านไอติม,4.8,(4),ไอศกรีม,?,114 43 เสม็ด - อ่างศิลา ซอย 8,ปิดอยู่,? เปิด 10:00,https://lh5.googleusercontent.com/p/AF1QipNoWWU_r_0x0jJtic5CtJ2CtqUr9N9Vdlo4SlBZ=w80-h141-k-no,,13.3355359!4d100.9584248,,"13.3355359,100.9584248",13.3355359,100.9584248
https://www.google.co.th/maps/place/Mixue+Central+Plaza+Chonburi/data=!4m7!3m6!1s0x311d4b0077e97d37:0x7c66bd962bff994b!8m2!3d13.3357539!4d100.9702515!16s%2Fg%2F11w9kxswgt!19sChIJN33pdwBLHTERS5n_K5a9Znw?authuser=0&hl=th&rclk=1,Mixue Central Plaza Chonburi,3.0,(4),ไอศกรีม,?,"55/88 - 89, Central Plaza Chonburi, 3rd Floor, 55/91 หมู่ 1",,,https://lh5.googleusercontent.com/p/AF1QipPcutuA11qrbNlMy0c9s9OWRErT8YD788JR2QRt=w80-h106-k-no,,13.3357539!4d100.9702515,,"13.3357539,100.9702515",13.3357539,100.9702515
https://www.google.co.th/maps/place/CJ+MORE+%E0%B8%8B%E0%B8%B5%E0%B9%80%E0%B8%88+%E0%B8%A1%E0%B8%AD%E0%B8%A3%E0%B9%8C+%E0%B8%AA%E0%B8%B2%E0%B8%82%E0%B8%B2%E0%B9%80%E0%B8%99%E0%B8%95%E0%B8%A3%E0%B8%94%E0%B8%B5/data=!4m7!3m6!1s0x3102b514ce04a11f:0x232a4872eeca811c!8m2!3d13.2710543!4d100.9305146!16s%2Fg%2F11ldqjqqg4!19sChIJH6EEzhS1AjERHIHK7nJIKiM?authuser=0&hl=th&rclk=1,CJ MORE ซีเจ มอร์ สาขาเนตรดี,4.3,(12),ซูเปอร์มาร์เก็ต,?,?,เปิด,? ปิด 23:00,https://lh5.googleusercontent.com/p/AF1QipP5WbzCYabAkTuVKcjFsVKnpBpJtqTkT4NFKvOQ=w138-h92-k-no,,13.2710543!4d100.9305146,,"13.2710543,100.9305146",13.2710543,100.9305146
https://www.google.co.th/maps/place/%E0%B9%81%E0%B8%81%E0%B8%B0%E0%B9%84%E0%B8%AD%E0%B8%A8%E0%B8%84%E0%B8%A3%E0%B8%B5%E0%B8%A1%28%E0%B8%9A%E0%B9%89%E0%B8%B2%E0%B8%99%E0%B8%AA%E0%B8%A7%E0%B8%99%29/data=!4m7!3m6!1s0x311d35212f89824f:0xb5099fddcc79b87c!8m2!3d13.3685698!4d100.9966372!16s%2Fg%2F11j11s4ddw!19sChIJT4KJLyE1HTERfLh5zN2fCbU?authuser=0&hl=th&rclk=1,แกะไอศครีม(บ้านสวน),4.1,(34),ไอศกรีม,?,119 63,เปิด,? ปิด 18:00,https://lh5.googleusercontent.com/p/AF1QipNs6sZdinU-6vvva1AtDzRT2aauBZ7Yv-g6YbKO=w122-h92-k-no,,13.3685698!4d100.9966372,,"13.3685698,100.9966372",13.3685698,100.9966372
https://www.google.co.th/maps/place/%E0%B8%A3%E0%B9%89%E0%B8%B2%E0%B8%99%E0%B9%84%E0%B8%AD%E0%B8%95%E0%B8%B4%E0%B8%A1%E0%B9%83%E0%B8%AA%E0%B9%88%E0%B9%84%E0%B8%82%E0%B9%88%E0%B8%8A%E0%B8%A5%E0%B8%9A%E0%B8%B8%E0%B8%A3%E0%B8%B5/data=!4m7!3m6!1s0x311d4b461c643afd:0xa30f23175130d5c2!8m2!3d13.3476013!4d100.9714362!16s%2Fg%2F11t5jgxw0d!19sChIJ_TpkHEZLHTERwtUwURcjD6M?authuser=0&hl=th&rclk=1,ร้านไอติมใส่ไข่ชลบุรี,4.8,(37),ไอศกรีม,?,80 87 หมู่ 3 ถนน พระยาสัจจา,ปิดอยู่,? เปิด 16:00,https://lh5.googleusercontent.com/p/AF1QipPhjvN8FCgFYsEKasRVtsx8S8XlGXn_xGo1bPi4=w122-h92-k-no,,13.3476013!4d100.9714362,,"13.3476013,100.9714362",13.3476013,100.9714362
https://www.google.co.th/maps/place/SWEETY+ICE/data=!4m7!3m6!1s0x3102b6fa399cd831:0x87e085a262eda8b!8m2!3d13.1797798!4d100.9287389!16s%2Fg%2F11h8l3v7dt!19sChIJMdicOfq2AjERi9ouJloIfgg?authuser=0&hl=th&rclk=1,SWEETY ICE,3.1,(8),ไอศกรีม,,,,,https://lh5.googleusercontent.com/p/AF1QipOUN2k7kOyvovYsFfYbmM8tpC_MM3r5LO7neHUa=w122-h92-k-no,,13.1797798!4d100.9287389,,"13.1797798,100.9287389",13.1797798,100.9287389
https://www.google.co.th/maps/place/Ji+Xiang+%E0%B8%8A%E0%B8%B2%E0%B8%99%E0%B8%A1%E0%B9%84%E0%B8%95%E0%B9%89%E0%B8%AB%E0%B8%A7%E0%B8%B1%E0%B8%99/data=!4m7!3m6!1s0x3102b5d79f3206c9:0x5ca494d9efd5ccc6!8m2!3d13.2754902!4d100.92293!16s%2Fg%2F11rv1fy0s8!19sChIJyQYyn9e1AjERxszV79mUpFw?authuser=0&hl=th&rclk=1,Ji Xiang ชานมไต้หวัน,3.7,(15),ร้านกาแฟ,?,7WGF+55V,ปิดอยู่,? เปิด 11:00,https://lh5.googleusercontent.com/p/AF1QipPHb-iCW2mcaR_U1i1DZDsQzspHlP6HKADNcjxk=w163-h92-k-no,,13.2754902!4d100.92293,,"13.2754902,100.92293",13.2754902,100.92293
https://www.google.co.th/maps/place/Yawbo+frozen+yogurt/data=!4m7!3m6!1s0x311d4bd784e4ab9b:0x6b1c88141599b30d!8m2!3d13.3394114!4d100.9679591!16s%2Fg%2F11pxhlfs0s!19sChIJm6vkhNdLHTERDbOZFRSIHGs?authuser=0&hl=th&rclk=1,Yawbo frozen yogurt,4.8,(15),ไอศกรีม,?,"Yawbo frozen yogurt, 144 Casalunar Ave",ปิดอยู่,? เปิด 11:00,https://lh5.googleusercontent.com/p/AF1QipMGEfhmu_QqosVSYIWouNbzGcayF9ncOu0EMGWR=w80-h106-k-no,,13.3394114!4d100.9679591,,"13.3394114,100.9679591",13.3394114,100.9679591
https://www.google.co.th/maps/place/%E0%B9%80%E0%B8%9A%E0%B8%B4%E0%B8%A3%E0%B9%8C%E0%B8%94%E0%B9%84%E0%B8%AD%E0%B8%A8%E0%B8%84%E0%B8%A3%E0%B8%B5%E0%B8%A1%E0%B8%97%E0%B8%AD%E0%B8%94/data=!4m7!3m6!1s0x311d4bc6760fad0f:0x29313e9e0d35a830!8m2!3d13.3626705!4d100.9801557!16s%2Fg%2F11t72l8p_w!19sChIJD60PdsZLHTERMKg1DZ4-MSk?authuser=0&hl=th&rclk=1,เบิร์ดไอศครีมทอด,5.0,(2),ไอศกรีม,?,9X7J+336,เปิด,? ปิด 11:00 ? เปิดอีกครั้ง 17:00,https://lh5.googleusercontent.com/p/AF1QipMt44DhkTEccKgbMwqaNG1ej9r0mcK_p6LOPybt=w122-h92-k-no,,13.3626705!4d100.9801557,,"13.3626705,100.9801557",13.3626705,100.9801557
https://www.google.co.th/maps/place/%E0%B8%84%E0%B8%B3%E0%B8%A5%E0%B8%B0%E0%B8%A1%E0%B8%B8%E0%B8%99%E0%B8%9A%E0%B8%B2%E0%B8%87%E0%B9%81%E0%B8%AA%E0%B8%99/data=!4m7!3m6!1s0x3102b5f68140a6b7:0x5794dd825ca9ffd4!8m2!3d13.2748435!4d100.9349115!16s%2Fg%2F11r6h44x1z!19sChIJt6ZAgfa1AjER1P-pXILdlFc?authuser=0&hl=th&rclk=1,คำละมุนบางแสน,4.5,(19),ร้านกาแฟ,?,252 8 ถ สันติเกษม,ปิดอยู่,? เปิด 10:00,https://lh5.googleusercontent.com/p/AF1QipPkngKBUAZHo_-mjjfGLPy_NUWkOalZ4e6Bx44=w80-h106-k-no,,13.2748435!4d100.9349115,,"13.2748435,100.9349115",13.2748435,100.9349115
https://www.google.co.th/maps/place/Mai+i+Tim+%E0%B9%84%E0%B8%A1%E0%B9%89%E0%B9%84%E0%B8%AD%E0%B8%95%E0%B8%B4%E0%B8%A1+%E0%B8%AA%E0%B8%B2%E0%B8%82%E0%B8%B2%E0%B8%9E%E0%B8%A3%E0%B8%B0%E0%B8%A2%E0%B8%B2%E0%B8%AA%E0%B8%B1%E0%B8%88%E0%B8%88%E0%B8%B2/data=!4m7!3m6!1s0x311d4b7ac6514edb:0x9bdd08f6227c01b5!8m2!3d13.3471929!4d100.9629102!16s%2Fg%2F11vt59hvfj!19sChIJ205RxnpLHTERtQF8IvYI3Zs?authuser=0&hl=th&rclk=1,Mai i Tim ไม้ไอติม สาขาพระยาสัจจา,4.9,(553),ไอศกรีม,?,88 8,ใกล้เปิดแล้ว,? 09:00,https://lh5.googleusercontent.com/p/AF1QipPoXTTIZz_na1UkbHZ982k3DOI4V_f6yDw1UBBl=w80-h106-k-no,,13.3471929!4d100.9629102,,"13.3471929,100.9629102",13.3471929,100.9629102
https://www.google.co.th/maps/place/%E0%B8%A3%E0%B9%89%E0%B8%B2%E0%B8%99%E0%B8%AB%E0%B8%A7%E0%B8%B2%E0%B8%99%E0%B9%83%E0%B8%88%E2%80%8B%E0%B8%8B%E0%B8%B2%E0%B8%AB%E0%B8%A3%E0%B8%B4%E0%B9%88%E0%B8%A1%E2%80%8B%E0%B8%97%E0%B8%B1%E0%B8%9A%E0%B8%97%E0%B8%B4%E0%B8%A1%E2%80%8B%E0%B8%81%E0%B8%A3%E0%B8%AD%E0%B8%9A%E2%80%8B%E0%B9%84%E0%B8%AD%E0%B8%A8%E0%B8%81%E0%B8%A3%E0%B8%B5%E0%B8%A1%E2%80%8B%E0%B8%81%E0%B8%B0%E0%B8%97%E0%B8%B4%E2%80%8B%E0%B8%AA%E0%B8%94%E2%80%8B/data=!4m7!3m6!1s0x311d4b4861f6b1c9:0x34f8df21c123dd72!8m2!3d13.3420627!4d100.9620815!16s%2Fg%2F11rsf9vsl1!19sChIJybH2YUhLHTERct0jwSHf-DQ?authuser=0&hl=th&rclk=1,ร้านหวานใจ?ซาหริ่ม?ทับทิม?กรอบ?ไอศกรีม?กะทิ?สด?,4.7,(44),ไอศกรีม,?,8XR6+RRG ถนน พระยาสัจจา,ปิดอยู่,? เปิด 12:00,https://lh5.googleusercontent.com/p/AF1QipPoWLSvKjj6kZDwAAnHUzVtCMfxHSNhrlwKDE6P=w122-h92-k-no,,13.3420627!4d100.9620815,,"13.3420627,100.9620815",13.3420627,100.9620815
https://www.google.co.th/maps/place/%E0%B8%A3%E0%B9%89%E0%B8%B2%E0%B8%99%E0%B8%A3%E0%B8%B2%E0%B8%8A%E0%B8%B2%E0%B9%84%E0%B8%AD%E0%B8%A8%E0%B8%84%E0%B8%A3%E0%B8%B5%E0%B8%A1/data=!4m7!3m6!1s0x3102b71bbd7a4273:0x4f0f829b28615d3d!8m2!3d13.1637879!4d100.9205666!16s%2Fg%2F11c1qr_dc1!19sChIJc0J6vRu3AjERPV1hKJuCD08?authuser=0&hl=th&rclk=1,ร้านราชาไอศครีม,4.7,(209),ไอศกรีม,?,7 ถนน เจิมจอมพล,ปิดอยู่,? เปิด 11:00,https://lh5.googleusercontent.com/p/AF1QipPtf8YRoWEO_B0kRPJNIBDHldsJCk9FR4V2m5I1=w80-h106-k-no,,13.1637879!4d100.9205666,,"13.1637879,100.9205666",13.1637879,100.9205666
https://www.google.co.th/maps/place/Pink+glass+%E0%B9%84%E0%B8%AD%E0%B8%A8%E0%B8%81%E0%B8%A3%E0%B8%B5%E0%B8%A1/data=!4m7!3m6!1s0x311d35a11c3ff89d:0x5e118b254506e4c3!8m2!3d13.352127!4d101.007133!16s%2Fg%2F11ggls7nmj!19sChIJnfg_HKE1HTERw-QGRSWLEV4?authuser=0&hl=th&rclk=1,Pink glass ไอศกรีม,4.8,(42),ไอศกรีม,?,4/23 ม.6 ถ.เศรษฐกิจ,ปิดอยู่,? เปิด 15:00,https://lh5.googleusercontent.com/p/AF1QipMsh1UmrgMqr9uLHv4LpTm40dcLRs8IsrOoNPQ1=w122-h92-k-no,,13.352127!4d101.007133,,"13.352127,101.007133",13.352127,101.007133
https://www.google.co.th/maps/place/%E0%B8%A1%E0%B8%B5%E0%B9%88%E0%B9%80%E0%B8%AA%E0%B8%A7%E0%B8%B5%E0%B9%88%E0%B8%A2/data=!4m7!3m6!1s0x311d4b003a753bab:0x77c5a61bb6b1c85f!8m2!3d13.3455771!4d100.9684599!16s%2Fg%2F11w49htgwm!19sChIJqzt1OgBLHTERX8ixthumxXc?authuser=0&hl=th&rclk=1,มี่เสวี่ย,3.6,(28),ไอศกรีม,?,8XW9+5CV,,,https://lh5.googleusercontent.com/p/AF1QipOijJdLWSQm7U6L-iV21XWBpX8yyU5NJGDpHuBN=w92-h92-k-no,,13.3455771!4d100.9684599,,"13.3455771,100.9684599",13.3455771,100.9684599
https://www.google.co.th/maps/place/%E0%B8%A3%E0%B9%89%E0%B8%B2%E0%B8%99%E0%B8%9F%E0%B8%B4%E0%B8%99%E0%B8%A1%E0%B8%AD%E0%B8%A3%E0%B9%8C+%E0%B9%84%E0%B8%AD%E0%B8%A8%E0%B8%81%E0%B8%A3%E0%B8%B5%E0%B8%A1%E0%B9%82%E0%B8%AE%E0%B8%A1%E0%B9%80%E0%B8%A1%E0%B8%94+%E0%B8%93+%E0%B8%A8%E0%B8%A3%E0%B8%B5%E0%B8%A3%E0%B8%B2%E0%B8%8A%E0%B8%B2/data=!4m7!3m6!1s0x3102b7e6cbbeaf9d:0xaea1ff35907bef5b!8m2!3d13.1461478!4d100.9552774!16s%2Fg%2F11mv_cdy46!19sChIJna--y-a3AjERW-97kDX_oa4?authuser=0&hl=th&rclk=1,ร้านฟินมอร์ ไอศกรีมโฮมเมด ณ ศรีราชา,4.3,(14),ไอศกรีม,,,,,https://lh5.googleusercontent.com/p/AF1QipP95oKlYvg629kb4huMBI-PTMrZHOvabFv9bNsQ=w92-h92-k-no,,13.1461478!4d100.9552774,,"13.1461478,100.9552774",13.1461478,100.9552774
https://www.google.co.th/maps/place/TamaTory+Caf%C3%A9+ChonBuri/data=!4m7!3m6!1s0x311d4bf13063b0f5:0x4572c742271b6ad4!8m2!3d13.3428836!4d100.9627013!16s%2Fg%2F11vjgcryw6!19sChIJ9bBjMPFLHTER1GobJ0LHckU?authuser=0&hl=th&rclk=1,TamaTory Caf? ChonBuri,4.3,(4),ไอศกรีม,?,112 31 ถนน พระยาสัจจา,ปิดอยู่,? เปิด 11:00,https://lh5.googleusercontent.com/p/AF1QipOGoybLa8ZAuEfHAeVNk2UAemK_xgIa83g0EFHk=w80-h106-k-no,,13.3428836!4d100.9627013,,"13.3428836,100.9627013",13.3428836,100.9627013
https://www.google.co.th/maps/place/%E0%B8%A7%E0%B8%B1%E0%B8%87%E0%B8%9A%E0%B8%B9%E0%B8%A3%E0%B8%9E%E0%B8%B2+Cafe+%26+Restaurant/data=!4m7!3m6!1s0x3102b51d89f393c1:0x5f6794a3fa2ef8cc!8m2!3d13.2712647!4d100.9228155!16s%2Fg%2F11nfv832ww!19sChIJwZPziR21AjERzPgu-qOUZ18?authuser=0&hl=th&rclk=1,วังบูรพา Cafe & Restaurant,4.6,(84),ร้านกาแฟ,?,108 แสนสุข 48 ถนน บางแสนล่าง,ปิดอยู่,? เปิด 10:00,https://lh5.googleusercontent.com/p/AF1QipO5TbYZ0XdABvJDqLVcSMgzBvdgXdj9z3IF8CnW=w80-h106-k-no,,13.2712647!4d100.9228155,,"13.2712647,100.9228155",13.2712647,100.9228155
https://www.google.co.th/maps/place/Acocoa+High+%28%E0%B8%AA%E0%B8%B2%E0%B8%82%E0%B8%B2%E0%B8%AB%E0%B8%A5%E0%B8%B1%E0%B8%81%29/data=!4m7!3m6!1s0x3102b50253a7df21:0x69b74aa9a3b036d2!8m2!3d13.2712023!4d100.9434145!16s%2Fg%2F11tk6hqjpr!19sChIJId-nUwK1AjER0jawo6lKt2k?authuser=0&hl=th&rclk=1,Acocoa High (สาขาหลัก),4.9,(203),ร้านกาแฟ,?,54 ซอย สลักได,เปิด,? ปิด 20:00,https://lh5.googleusercontent.com/p/AF1QipOxySKFgOQnn21LOrTL4pm6Jj63T2M62vt1Pxc4=w122-h92-k-no,,13.2712023!4d100.9434145,,"13.2712023,100.9434145",13.2712023,100.9434145
https://www.google.co.th/maps/place/%E0%B9%84%E0%B8%AD%E0%B8%A8%E0%B8%81%E0%B8%A3%E0%B8%B5%E0%B8%A1%E0%B9%80%E0%B8%AA%E0%B8%A3%E0%B8%B4%E0%B8%A1%E0%B8%94%E0%B8%A7%E0%B8%87+%E0%B9%84%E0%B8%AD%E0%B8%A8%E0%B8%81%E0%B8%A3%E0%B8%B5%E0%B8%A1%E0%B8%81%E0%B8%B0%E0%B8%97%E0%B8%B4%E0%B8%A1%E0%B8%AB%E0%B8%B2%E0%B8%8A%E0%B8%B1%E0%B8%A2/data=!4m7!3m6!1s0x3102b78a87c7e98d:0x684c8d549d6f48cc!8m2!3d13.1571123!4d100.9562337!16s%2Fg%2F11hfbnr59g!19sChIJjenHh4q3AjERzEhvnVSNTGg?authuser=0&hl=th&rclk=1,ไอศกรีมเสริมดวง ไอศกรีมกะทิมหาชัย,4.8,(5),ไอศกรีม,,,ปิดอยู่,? เปิด 10:00,https://lh5.googleusercontent.com/p/AF1QipOBmsXQhCBARrmz0mPF58bp1N1U0zRZRYFFVgun=w80-h106-k-no,,13.1571123!4d100.9562337,,"13.1571123,100.9562337",13.1571123,100.9562337
https://www.google.co.th/maps/place/WEDRINK+%E0%B8%AA%E0%B8%B2%E0%B8%82%E0%B8%B2%E0%B9%80%E0%B8%A1%E0%B8%B7%E0%B8%AD%E0%B8%87%E0%B8%8A%E0%B8%A5%E0%B8%9A%E0%B8%B8%E0%B8%A3%E0%B8%B5+%28%E0%B8%96%E0%B8%99%E0%B8%99%E0%B8%9E%E0%B8%A3%E0%B8%B0%E0%B8%A2%E0%B8%B2%E0%B8%AA%E0%B8%B1%E0%B8%88%E0%B8%88%E0%B8%B2%29/data=!4m7!3m6!1s0x311d4b54514fc1e9:0x70ac5d324631425a!8m2!3d13.356443!4d100.9779659!16s%2Fg%2F11y828ddlw!19sChIJ6cFPUVRLHTERWkIxRjJdrHA?authuser=0&hl=th&rclk=1,WEDRINK สาขาเมืองชลบุรี (ถนนพระยาสัจจา),5.0,(10),ไอศกรีม,?,30 43 หมู่ที่ 4 ถนน พระยาสัจจา,ปิดอยู่,? เปิด 10:00,https://lh5.googleusercontent.com/p/AF1QipNvn3OQjzKs4UuEG9ATry-OB0W6QWZG-epkPZdS=w80-h106-k-no,,13.356443!4d100.9779659,,"13.356443,100.9779659",13.356443,100.9779659
https://www.google.co.th/maps/place/%E0%B8%A3%E0%B9%89%E0%B8%B2%E0%B8%99%E0%B9%84%E0%B8%AD%E0%B8%A8%E0%B8%84%E0%B8%A3%E0%B8%B5%E0%B8%A1%E0%B9%80%E0%B8%9A%E0%B8%AD%E0%B8%A3%E0%B9%8C%E0%B8%A3%E0%B8%B5%E0%B9%88%E0%B9%84%E0%B8%AD%E0%B8%8B%E0%B9%8C+%E0%B8%AA%E0%B8%B2%E0%B8%82%E0%B8%B2%E0%B8%AB%E0%B9%89%E0%B8%B2%E0%B8%87%E0%B9%82%E0%B8%A3%E0%B8%9A%E0%B8%B4%E0%B8%99%E0%B8%AA%E0%B8%B1%E0%B8%99+%E0%B8%A8%E0%B8%A3%E0%B8%B5%E0%B8%A3%E0%B8%B2%E0%B8%8A%E0%B8%B2/data=!4m7!3m6!1s0x3102b7018f0a0b3d:0xc3d6bc14c1d67e6b!8m2!3d13.1682808!4d100.9303739!16s%2Fg%2F11b8vdwv63!19sChIJPQsKjwG3AjERa37WwRS81sM?authuser=0&hl=th&rclk=1,ร้านไอศครีมเบอร์รี่ไอซ์ สาขาห้างโรบินสัน ศรีราชา,5.0,(2),ไอศกรีม,?,5W9J+849,ปิดอยู่,? เปิด 10:00,https://maps.gstatic.com/tactile/pane/result-no-thumbnail-1x.png,,13.1682808!4d100.9303739,,"13.1682808,100.9303739",13.1682808,100.9303739
https://www.google.co.th/maps/place/Craft+Scoop+Gelato+%28%E0%B8%84%E0%B8%A3%E0%B8%B2%E0%B8%9F%E0%B8%95%E0%B9%8C+%E0%B8%AA%E0%B8%84%E0%B8%B9%E0%B8%9B+%E0%B9%80%E0%B8%88%E0%B8%A5%E0%B8%B2%E0%B9%82%E0%B8%95%29/data=!4m7!3m6!1s0x311d4b133c67ec01:0x1249a4bbd90891a6!8m2!3d13.3406247!4d100.9603607!16s%2Fg%2F11w8qlmztq!19sChIJAexnPBNLHTERppEI2bukSRI?authuser=0&hl=th&rclk=1,Craft Scoop Gelato (คราฟต์ สคูป เจลาโต),5.0,(45),ไอศกรีม,?,112 439 ถนน พระยาสัจจา,ปิดอยู่,? เปิด 10:00,https://lh5.googleusercontent.com/p/AF1QipNNjazl19o1aFfAN3IU252PJVNTi_jgHzafDfa5=w92-h92-k-no,,13.3406247!4d100.9603607,,"13.3406247,100.9603607",13.3406247,100.9603607
https://www.google.co.th/maps/place/%E0%B9%80%E0%B8%94%E0%B8%B7%E0%B8%AD%E0%B8%99%E0%B8%89%E0%B8%B2%E0%B8%A2+%E0%B8%99%E0%B8%A1%E0%B8%AA%E0%B8%94/data=!4m7!3m6!1s0x3102b500693010a7:0xc671f5a9c0b3f683!8m2!3d13.2786471!4d100.9356162!16s%2Fg%2F11vrmv7b4p!19sChIJpxAwaQC1AjERg_azwKn1ccY?authuser=0&hl=th&rclk=1,เดือนฉาย นมสด,4.2,(73),ร้านกาแฟ,?,129 ถ สันติเกษม,ปิดอยู่,? เปิด 16:00,https://lh5.googleusercontent.com/p/AF1QipPlYNbmGgWjvOqnICT8t0VOdkZM_nZdasbRBo2W=w122-h92-k-no,,13.2786471!4d100.9356162,,"13.2786471,100.9356162",13.2786471,100.9356162
https://www.google.co.th/maps/place/Dream+Cottage+%E0%B8%9A%E0%B8%B2%E0%B8%87%E0%B9%81%E0%B8%AA%E0%B8%99/data=!4m7!3m6!1s0x3102b51412eae177:0x145ba0ebc6f64a25!8m2!3d13.2777544!4d100.9435552!16s%2Fg%2F11b7rxdqzy!19sChIJd-HqEhS1AjERJUr2xuugWxQ?authuser=0&hl=th&rclk=1,Dream Cottage บางแสน,4.3,(989),ร้านอาหาร,?,?,ปิดอยู่,? เปิด 10:00,https://lh5.googleusercontent.com/p/AF1QipO7-_rsGCVSgdZZTPG8LLeYjNHL0hX2rdFwMT8x=w104-h92-k-no,,13.2777544!4d100.9435552,,"13.2777544,100.9435552",13.2777544,100.9435552
https://www.google.co.th/maps/place/%E0%B8%AB%E0%B8%A5%E0%B8%B2%E0%B8%99%E0%B8%81%E0%B8%87+%E0%B8%8A%E0%B8%B2%E0%B8%A2%E0%B8%97%E0%B8%B0%E0%B9%80%E0%B8%A5%E0%B8%9A%E0%B8%B2%E0%B8%87%E0%B8%9E%E0%B8%A3%E0%B8%B0/data=!4m7!3m6!1s0x3102b7cabcb0fa41:0x49dd49dcb1f52b5b!8m2!3d13.2090796!4d100.9350359!16s%2Fg%2F11l29hkz5_!19sChIJQfqwvMq3AjERWyv1sdxJ3Uk?authuser=0&hl=th&rclk=1,หลานกง ชายทะเลบางพระ,4.5,(51),ไอศกรีม,?,106 4,ปิดอยู่,? เปิด 11:30,https://lh5.googleusercontent.com/p/AF1QipNWh0DknN-7MI6nD4BKUnfbmGCMpc7GE0W-xAnu=w122-h92-k-no,,13.2090796!4d100.9350359,,"13.2090796,100.9350359",13.2090796,100.9350359
https://www.google.co.th/maps/place/%E0%B8%9F%E0%B9%89%E0%B8%B2%E0%B9%84%E0%B8%97%E0%B8%A2%E0%B9%84%E0%B8%AD%E0%B8%A8%E0%B8%81%E0%B8%A3%E0%B8%B5%E0%B8%A1+%E0%B8%AB%E0%B8%99%E0%B9%89%E0%B8%B2%E0%B9%80%E0%B8%81%E0%B9%8B%E0%B8%87+%E0%B9%80%E0%B8%88%E0%B9%89%E0%B8%B2%E0%B9%80%E0%B8%81%E0%B9%88%E0%B8%B2/data=!4m7!3m6!1s0x311d358c7b7a4003:0x69f62377b4b26201!8m2!3d13.3694091!4d100.9868565!16s%2Fg%2F11hbqcc1j9!19sChIJA0B6e4w1HTERAWKytHcj9mk?authuser=0&hl=th&rclk=1,ฟ้าไทยไอศกรีม หน้าเก๋ง เจ้าเก่า,4.0,(4),ไอศกรีม,?,421/2 ตรอกเก๋ง,ปิดอยู่,? เปิด 16:30,https://lh5.googleusercontent.com/p/AF1QipOspn9qzIt62G8YhWCPHybSxu8SvbpcIXXUufiX=w92-h92-k-no,,13.3694091!4d100.9868565,,"13.3694091,100.9868565",13.3694091,100.9868565
https://www.google.co.th/maps/place/%E0%B8%A1%E0%B8%B4%E0%B9%89%E0%B8%A5%E0%B8%84%E0%B9%8C%E0%B9%80%E0%B8%A1%E0%B9%89%E0%B8%B2%E0%B9%80%E0%B8%97%E0%B9%88%E0%B8%99%E0%B8%84%E0%B8%B2%E0%B9%80%E0%B8%9F%E0%B9%88/data=!4m7!3m6!1s0x3102b5e15d846d61:0xdf818ed8e850120d!8m2!3d13.2745562!4d100.9209731!16s%2Fg%2F11gjd7xq50!19sChIJYW2EXeG1AjERDRJQ6NiOgd8?authuser=0&hl=th&rclk=1,มิ้ลค์เม้าเท่นคาเฟ่,4.7,"(1,379)",ร้านกาแฟ,?,?,ปิดอยู่,? เปิด 11:00,https://lh5.googleusercontent.com/p/AF1QipN3c9jfsPuh5Echs71GnXYblpo3cMVg3SR7sowv=w80-h106-k-no,,13.2745562!4d100.9209731,,"13.2745562,100.9209731",13.2745562,100.9209731
https://www.google.co.th/maps/place/%E0%B8%A1%E0%B8%AB%E0%B8%B2%E0%B8%8A%E0%B8%B1%E0%B8%A2%E0%B9%84%E0%B8%AD%E0%B8%A8%E0%B8%81%E0%B8%A3%E0%B8%B5%E0%B8%A1by%E0%B9%80%E0%B8%88%E0%B9%8A%E0%B8%81%E0%B8%B4%E0%B9%8A%E0%B8%9F/data=!4m7!3m6!1s0x311d32d76bcfcdc9:0xf41ff137d8cf9830!8m2!3d13.3087694!4d101.1204792!16s%2Fg%2F11y4c0570p!19sChIJyc3Pa9cyHTERMJjP2DfxH_Q?authuser=0&hl=th&rclk=1,มหาชัยไอศกรีมbyเจ๊กิ๊ฟ,5.0,(6),ไอศกรีม,?,?,ปิดอยู่,? เปิด 12:00,https://lh5.googleusercontent.com/p/AF1QipNaViSnutru22vORI1ISYKG7odjFB9ZSuwhBt_x=w80-h106-k-no,,13.3087694!4d101.1204792,,"13.3087694,101.1204792",13.3087694,101.1204792
https://www.google.co.th/maps/place/Daydream+Cafe/data=!4m7!3m6!1s0x311d4bf1326470d9:0xd3ed24d7ffaae9b9!8m2!3d13.3385652!4d100.9548344!16s%2Fg%2F11fmsffr4t!19sChIJ2XBkMvFLHTERuemq_9ck7dM?authuser=0&hl=th&rclk=1,Daydream Cafe,4.5,(468),ไอศกรีม,?,109/16 Prayasatcha Road,ปิดอยู่,? เปิด 10:00,https://lh5.googleusercontent.com/p/AF1QipPNSHfgYhq-CM58yPMkaT_X_t801Vg6z-qzfJvn=w122-h92-k-no,,13.3385652!4d100.9548344,,"13.3385652,100.9548344",13.3385652,100.9548344
https://www.google.co.th/maps/place/%E0%B8%A3%E0%B9%89%E0%B8%B2%E0%B8%99%E0%B8%99%E0%B9%89%E0%B8%B3%E0%B9%81%E0%B8%82%E0%B9%87%E0%B8%87%E0%B9%84%E0%B8%AA%E0%B9%82%E0%B8%9A%E0%B8%A3%E0%B8%B2%E0%B8%93+%E0%B8%A1%E0%B8%AB%E0%B8%B2%E0%B8%8A%E0%B8%B1%E0%B8%A2%E0%B9%84%E0%B8%AD%E0%B8%A8%E0%B8%84%E0%B8%A3%E0%B8%B5%E0%B8%A1/data=!4m7!3m6!1s0x310295005d10c0c5:0x8a9a8ba502539b75!8m2!3d13.3251427!4d100.9515773!16s%2Fg%2F11rq9nrys6!19sChIJxcAQXQCVAjERdZtTAqWLmoo?authuser=0&hl=th&rclk=1,ร้านน้ำแข็งไสโบราณ มหาชัยไอศครีม,5.0,(4),ร้านของหวาน,?,96 หมู่บ้านไพรเวทแอททาวน์ 46 ม.3,ใกล้เปิดแล้ว,? 09:00,https://lh5.googleusercontent.com/p/AF1QipONb9MlbAzk_mprkZWh5Ff38JHSHqAw2lNyalJh=w138-h92-k-no,,13.3251427!4d100.9515773,,"13.3251427,100.9515773",13.3251427,100.9515773
https://www.google.co.th/maps/place/%E0%B8%A3%E0%B8%B2%E0%B8%8A%E0%B8%B2%E0%B9%84%E0%B8%AD%E0%B8%95%E0%B8%B4%E0%B8%A1/data=!4m7!3m6!1s0x3102b7a4e139b531:0x9d7d1d84a48ebf7a!8m2!3d13.1489949!4d100.965761!16s%2Fg%2F11kq4577lt!19sChIJMbU54aS3AjERer-OpIQdfZ0?authuser=0&hl=th&rclk=1,ราชาไอติม,5.0,(5),ไอศกรีม,?,139 ต 3,ปิดอยู่,? เปิด 10:00,https://lh5.googleusercontent.com/p/AF1QipPhwXzuUR_qIeKcaK4tDPZnFQno1mICiBsZORUC=w114-h92-k-no,,13.1489949!4d100.965761,,"13.1489949,100.965761",13.1489949,100.965761
https://www.google.co.th/maps/place/%E0%B9%81%E0%B8%81%E0%B8%B0%E0%B9%84%E0%B8%AD%E0%B8%A8%E0%B8%84%E0%B8%A3%E0%B8%B5%E0%B8%A1%28%E0%B8%AA%E0%B8%B8%E0%B8%82%E0%B8%B8%E0%B8%A1%E0%B8%A7%E0%B8%B4%E0%B8%97%29/data=!4m7!3m6!1s0x311d35f5ac9a8de3:0xbf6e8e0d4355d6fb!8m2!3d13.3677085!4d100.9914302!16s%2Fg%2F11v60nsz5n!19sChIJ442arPU1HTER-9ZVQw2Obr8?authuser=0&hl=th&rclk=1,แกะไอศครีม(สุขุมวิท),3.1,(7),ไอศกรีม,?,ถ. สุขุมวิท,ใกล้เปิดแล้ว,? 09:00,https://lh5.googleusercontent.com/p/AF1QipNofNK3JRR7-SvVhrFJ5fHGvaSaRupczJUHfLMJ=w80-h110-k-no,,13.3677085!4d100.9914302,,"13.3677085,100.9914302",13.3677085,100.9914302
https://www.google.co.th/maps/place/Swensen%27s+Central+Sriracha/data=!4m7!3m6!1s0x3102b7a46963f4af:0x1d3900c09891e4a5!8m2!3d13.1792741!4d100.9312479!16s%2Fg%2F11v0_vt5m8!19sChIJr_RjaaS3AjERpeSRmMAAOR0?authuser=0&hl=th&rclk=1,Swensen's Central Sriracha,4.9,(216),ไอศกรีม,?,?,ปิดอยู่,? เปิด 10:00,https://lh5.googleusercontent.com/p/AF1QipMian1rfgmiBD7-m8cBUkQFw-nqQYyg1_0oxCMx=w80-h106-k-no,,13.1792741!4d100.9312479,,"13.1792741,100.9312479",13.1792741,100.9312479
https://www.google.co.th/maps/place/Romsai+Cactus+%26+Coffee/data=!4m7!3m6!1s0x3102b54589c30785:0xd23beabe78c6cca1!8m2!3d13.2884923!4d100.9491802!16s%2Fg%2F11mvz69fpt!19sChIJhQfDiUW1AjERoczGeL7qO9I?authuser=0&hl=th&rclk=1,Romsai Cactus & Coffee,4.6,(220),ร้านกาแฟ,?,7WQX+9MV ซอย หมู่บ้านคันทรีปาร์ค 9,เปิด,? ปิด 17:30,https://lh5.googleusercontent.com/p/AF1QipPwD-MAy6QjOb-Hts7ngdjcRE9_zhtu2nz40N6a=w122-h92-k-no,,13.2884923!4d100.9491802,,"13.2884923,100.9491802",13.2884923,100.9491802
https://www.google.co.th/maps/place/Longchae+%E0%B8%A5%E0%B8%AD%E0%B8%87%E0%B9%80%E0%B8%8A/data=!4m7!3m6!1s0x3102b4add23a6581:0xeabc1622f793a214!8m2!3d13.3030797!4d100.8989296!16s%2Fg%2F1hm367j4_!19sChIJgWU60q20AjERFKKT9yIWvOo?authuser=0&hl=th&rclk=1,Longchae ลองเช,4.4,(116),ไอศกรีม,?,?,เปิด,? ปิด 21:00,https://lh5.googleusercontent.com/p/AF1QipN8Z3Za-Q2HsJnL4dAtYVAJ1i70AD19fiWb8x3Q=w122-h92-k-no,,13.3030797!4d100.8989296,,"13.3030797,100.8989296",13.3030797,100.8989296
https://www.google.co.th/maps/place/LAEMTONG+Shopping+Plaza+BANGSAEN/data=!4m7!3m6!1s0x3102b4dcfd674935:0xf1e5b7209cac21af!8m2!3d13.2865749!4d100.9267703!16s%2Fg%2F1tl1fb4m!19sChIJNUln_dy0AjERryGsnCC35fE?authuser=0&hl=th&rclk=1,LAEMTONG Shopping Plaza BANGSAEN,3.9,"(1,566)",ศูนย์การค้า,?,?,ปิดอยู่,? เปิด 11:00,https://lh5.googleusercontent.com/p/AF1QipOZydPU5Wsf81a7fYqbTBQt2cMF5GKcEIgQRqhE=w80-h106-k-no,,13.2865749!4d100.9267703,,"13.2865749,100.9267703",13.2865749,100.9267703
https://www.google.co.th/maps/place/%E0%B8%A1%E0%B8%AB%E0%B8%B2%E0%B8%8A%E0%B8%B1%E0%B8%A2%E0%B9%84%E0%B8%AD%E0%B8%A8%E0%B8%81%E0%B8%A3%E0%B8%B5%E0%B8%A1+By+%E0%B8%A8%E0%B8%A3%E0%B8%B5%E0%B8%A3%E0%B8%B2%E0%B8%8A%E0%B8%B2%E0%B9%84%E0%B8%AD%E0%B8%A8%E0%B8%81%E0%B8%A3%E0%B8%B5%E0%B8%A1+%E0%B8%88%E0%B8%B3%E0%B8%AB%E0%B8%99%E0%B9%88%E0%B8%B2%E0%B8%A2%E0%B9%84%E0%B8%AD%E0%B8%A8%E0%B8%84%E0%B8%A3%E0%B8%B5%E0%B8%A1%E0%B8%96%E0%B8%B1%E0%B8%87/data=!4m7!3m6!1s0x3102b93b3d4b144d:0xf10b4e0aa060289!8m2!3d13.0993321!4d100.9384675!16s%2Fg%2F11ldt7xjj_!19sChIJTRRLPTu5AjERiQIGquC0EA8?authuser=0&hl=th&rclk=1,มหาชัยไอศกรีม By ศรีราชาไอศกรีม จำหน่ายไอศครีมถัง,5.0,(1),ไอศกรีม,?,ดาวเทียม,เปิด,? ปิด 20:00,https://lh5.googleusercontent.com/p/AF1QipMdxA_AnGrRQAm9PsqI4SGARK1-hUo75oFtbWAx=w122-h92-k-no,,13.0993321!4d100.9384675,,"13.0993321,100.9384675",13.0993321,100.9384675
https://www.google.co.th/maps/place/%E0%B8%9A%E0%B9%88%E0%B8%AD%E0%B8%A7%E0%B8%B4%E0%B8%99%E0%B9%84%E0%B8%AD%E0%B8%A8%E0%B8%81%E0%B8%A3%E0%B8%B5%E0%B8%A1%E0%B9%82%E0%B8%AE%E0%B8%A1%E0%B9%80%E0%B8%A1%E0%B8%94/data=!4m7!3m6!1s0x3102c386539726d9:0xea4d2c50568ad2f7!8m2!3d13.0134208!4d101.0905026!16s%2Fg%2F11r9tk22sl!19sChIJ2SaXU4bDAjER99KKVlAsTeo?authuser=0&hl=th&rclk=1,บ่อวินไอศกรีมโฮมเมด,5.0,(15),ไอศกรีม,?,238/260 หมู่ 3 เฟส 6 ซอย 4 ไลฟ์ซิตี้ปาร์คบ่อวิน,เปิด,? ปิด 17:00,https://lh5.googleusercontent.com/p/AF1QipO9YNfcuww3GfkbA0usMj90RPQTGjlTqzWB7by5=w122-h92-k-no,,13.0134208!4d101.0905026,,"13.0134208,101.0905026",13.0134208,101.0905026
https://www.google.co.th/maps/place/Heriot+cafe+%E0%B9%80%E0%B8%AE%E0%B8%A3%E0%B8%B4%E0%B8%AD%E0%B9%87%E0%B8%AD%E0%B8%97+%E0%B8%84%E0%B8%B2%E0%B9%80%E0%B8%9F%E0%B9%88/data=!4m7!3m6!1s0x3102b509e9064c2b:0x7033ebaa81d4ddf4!8m2!3d13.3030658!4d100.9006418!16s%2Fg%2F11v4lrh5wp!19sChIJK0wG6Qm1AjER9N3UgarrM3A?authuser=0&hl=th&rclk=1,Heriot cafe เฮริอ็อท คาเฟ่,4.8,(54),ร้านกาแฟ,?,เลขที่ 34 ซ. 2 ถ. บางแสนสาย 1,เปิด,? ปิด 17:30,https://lh5.googleusercontent.com/p/AF1QipM0GTVISn9i1viCB6Hn0_fMWxme3FFC2EkQ9_tv=w122-h92-k-no,,13.3030658!4d100.9006418,,"13.3030658,100.9006418",13.3030658,100.9006418
https://www.google.co.th/maps/place/Swensen%E2%80%99s+J-Park+Sriracha/data=!4m7!3m6!1s0x3102c9e4cd01fb9b:0x853029daa4c2e383!8m2!3d13.1537628!4d100.9834459!16s%2Fg%2F11sf67nc_6!19sChIJm_sBzeTJAjERg-PCpNopMIU?authuser=0&hl=th&rclk=1,Swensens J-Park Sriracha,4.5,(80),ไอศกรีม,?,?,ปิดอยู่,? เปิด 10:00,https://lh5.googleusercontent.com/p/AF1QipOnS6SynXl2DJWjEtaKEYH3DyOYbYapROVR4QBj=w80-h106-k-no,,13.1537628!4d100.9834459,,"13.1537628,100.9834459",13.1537628,100.9834459
https://www.google.co.th/maps/place/%E0%B8%A3%E0%B9%89%E0%B8%B2%E0%B8%99%E0%B8%9A%E0%B9%89%E0%B8%B2%E0%B8%99%E0%B9%84%E0%B8%AD%E0%B8%95%E0%B8%B4%E0%B8%A1%E0%B8%A7%E0%B8%AD%E0%B8%A5%E0%B8%A5%E0%B9%8C+%E0%B8%84%E0%B8%B8%E0%B8%93%E0%B9%81%E0%B8%AB%E0%B8%A7%E0%B8%99/data=!4m7!3m6!1s0x3102c7617e6ac6d7:0x3642116e7fbd1f2d!8m2!3d13.068265!4d101.0419237!16s%2Fg%2F11fjqjc3wb!19sChIJ18ZqfmHHAjERLR-9f24RQjY?authuser=0&hl=th&rclk=1,ร้านบ้านไอติมวอลล์ คุณแหวน,4.4,(7),ไอศกรีม,?,เลขที่ 281/41,,,https://lh5.googleusercontent.com/p/AF1QipODhsBRuOEqgTQRYQqQM9ig6v93Wa6k7WikvUbX=w122-h92-k-no,,13.068265!4d101.0419237,,"13.068265,101.0419237",13.068265,101.0419237
https://www.google.co.th/maps/place/%E0%B8%AA%E0%B8%B0%E0%B8%9A%E0%B8%B2%E0%B8%A2%E0%B8%94%E0%B8%B5+%E0%B9%84%E0%B8%AD%E0%B8%A8%E0%B8%84%E0%B8%A3%E0%B8%B5%E0%B8%A1+%E0%B8%AD%E0%B9%88%E0%B8%B2%E0%B8%A7%E0%B8%AD%E0%B8%B8%E0%B8%94%E0%B8%A1/data=!4m7!3m6!1s0x3102b9e9bd942497:0xdfc26ddf67f93009!8m2!3d13.1130734!4d100.9276151!16s%2Fg%2F11ksl5kz6j!19sChIJlySUvem5AjERCTD5Z99twt8?authuser=0&hl=th&rclk=1,สะบายดี ไอศครีม อ่าวอุดม,4.7,(9),ไอศกรีม,?,223 127 ถ. ทุ่งสุขลา,ปิดอยู่,? เปิด 15:00,https://lh5.googleusercontent.com/p/AF1QipNRc8RL7o9IZrCbHrCL0aNUSJjw_sgmxbhzcu6W=w80-h106-k-no,,13.1130734!4d100.9276151,,"13.1130734,100.9276151",13.1130734,100.9276151
https://www.google.co.th/maps/place/Chugarism+Bangsaen/data=!4m7!3m6!1s0x3102b51087890467:0x579832555c1cd0e4!8m2!3d13.2787096!4d100.9330012!16s%2Fg%2F11s19r1ztk!19sChIJZwSJhxC1AjER5NAcXFUymFc?authuser=0&hl=th&rclk=1,Chugarism Bangsaen,4.9,(19),ร้านเบเกอรี่,?,69/2 ถนน มาบมะยม,ปิดอยู่,? เปิด 12:00,https://lh5.googleusercontent.com/p/AF1QipNZAiF3PiAyDqW_VlNvPK4HPF0zEMlKFv0CQKxQ=w80-h94-k-no,,13.2787096!4d100.9330012,,"13.2787096,100.9330012",13.2787096,100.9330012
https://www.google.co.th/maps/place/WEDRINK%E2%80%8B+%E0%B8%8A%E0%B8%A5%E0%B8%9A%E0%B8%B8%E0%B8%A3%E0%B8%B5+%E0%B8%AA%E0%B8%B2%E0%B8%82%E0%B8%B2%E0%B8%9A%E0%B8%B2%E0%B8%87%E0%B8%9B%E0%B8%A5%E0%B8%B2%E0%B8%AA%E0%B8%A3%E0%B9%89%E0%B8%AD%E0%B8%A2/data=!4m7!3m6!1s0x311d356366d0580b:0x331aae242ec233ad!8m2!3d13.3632148!4d100.9855028!16s%2Fg%2F11wq3gfvd2!19sChIJC1jQZmM1HTERrTPCLiSuGjM?authuser=0&hl=th&rclk=1,WEDRINK? ชลบุรี สาขาบางปลาสร้อย,4.6,(10),ไอศกรีม,?,130 ถ วชิรปราการ,ใกล้เปิดแล้ว,? 09:00,https://lh5.googleusercontent.com/p/AF1QipOpVXWmNSQefqCdZsdz-Lx_d336CuHsC56ilynl=w122-h92-k-no,,13.3632148!4d100.9855028,,"13.3632148,100.9855028",13.3632148,100.9855028
https://www.google.co.th/maps/place/%E0%B8%AA%E0%B8%B1%E0%B8%87%E0%B8%82%E0%B9%8C%E0%B9%81%E0%B8%81%E0%B9%89%E0%B8%A7+%E0%B9%84%E0%B8%AD%E0%B8%A8%E0%B8%84%E0%B8%A3%E0%B8%B5%E0%B8%A1/data=!4m7!3m6!1s0x3102b8dcd7cf1a4d:0xd1cb50483433e285!8m2!3d13.0531855!4d100.9462611!16s%2Fg%2F11d_916fpn!19sChIJTRrP19y4AjERheIzNEhQy9E?authuser=0&hl=th&rclk=1,สังข์แก้ว ไอศครีม,4.2,(10),ไอศกรีม,?,103/9 ม.8,เปิด,? ปิด 20:00,https://lh5.googleusercontent.com/p/AF1QipPHSAPIX3_Cuc6cX3N72TyouHR-lJXmMDIB0sLy=w163-h92-k-no,,13.0531855!4d100.9462611,,"13.0531855,100.9462611",13.0531855,100.9462611
https://www.google.co.th/maps/place/%E0%B8%9A%E0%B8%B9%E0%B8%A1%E0%B9%84%E0%B8%AD%E0%B8%A8%E0%B8%84%E0%B8%A3%E0%B8%B5%E0%B8%A1%28%E0%B8%99%E0%B8%B2%E0%B9%80%E0%B8%81%E0%B8%A5%E0%B8%B7%E0%B8%AD+%E0%B8%9E%E0%B8%B1%E0%B8%97%E0%B8%A2%E0%B8%B2+%E0%B9%81%E0%B8%AB%E0%B8%A5%E0%B8%A1%E0%B8%89%E0%B8%9A%E0%B8%B1%E0%B8%87+%E0%B8%99%E0%B8%B2%E0%B8%88%E0%B8%AD%E0%B8%A1%E0%B9%80%E0%B8%97%E0%B8%B5%E0%B8%A2%E0%B8%99%29/data=!4m7!3m6!1s0x3102be6c915509ed:0xf5bd6b93b67ecee2!8m2!3d12.9686898!4d100.906228!16s%2Fg%2F11b6tzbvmv!19sChIJ7QlVkWy-AjER4s5-tpNrvfU?authuser=0&hl=th&rclk=1,บูมไอศครีม(นาเกลือ พัทยา แหลมฉบัง นาจอมเทียน),4.6,(23),ไอศกรีม,?,302/3-4,เปิด,? ปิด 20:00,https://lh5.googleusercontent.com/p/AF1QipPx3GImp_LsKsgyPZpj-KBzp-Js37Q6KjMs2vCh=w115-h92-k-no,,12.9686898!4d100.906228,,"12.9686898,100.906228",12.9686898,100.906228
https://www.google.co.th/maps/place/H%C3%A4agen-Dazs/data=!4m7!3m6!1s0x311d4b160ca055af:0xf8b745a97c4a9a95!8m2!3d13.3371395!4d100.9690859!16s%2Fg%2F11qp1g9640!19sChIJr1WgDBZLHTERlZpKfKlFt_g?authuser=0&hl=th&rclk=1,H?agen-Dazs,4.0,(5),ไอศกรีม,?,"55, 88-89 55 91 หมู่ 1",ปิดอยู่,? เปิด 10:00,https://lh5.googleusercontent.com/p/AF1QipOXjDxWhbpVZpK1U4F3jJwVFk1tE9IrKCzKt2hK=w80-h106-k-no,,13.3371395!4d100.9690859,,"13.3371395,100.9690859",13.3371395,100.9690859
https://www.google.co.th/maps/place/Mini+monster/data=!4m7!3m6!1s0x311d350059351d91:0x72034a9cc95277e1!8m2!3d13.3664841!4d100.9880531!16s%2Fg%2F11m5l43hdf!19sChIJkR01WQA1HTER4XdSyZxKA3I?authuser=0&hl=th&rclk=1,Mini monster,4.5,(16),ไอศกรีม,?,836 ซอย เจตน์จำนงค์,ปิดอยู่,? เปิด 10:00,https://lh5.googleusercontent.com/p/AF1QipMWPZKlvBjYE9AQu37eA84FQBTt0kC97GfZk70y=w80-h106-k-no,,13.3664841!4d100.9880531,,"13.3664841,100.9880531",13.3664841,100.9880531
"https://www.google.co.th/maps/place/%E0%B8%AA%E0%B8%B4%E0%B8%87%E0%B8%AB%E0%B9%8C+%E0%B9%84%E0%B8%AD%E0%B8%A8%E0%B8%84%E0%B8%A3%E0%B8%B5%E0%B8%A1%28%E0%B8%9E%E0%B8%B1%E0%B8%97%E0%B8%A2%E0%B8%B2,%E0%B8%99%E0%B8%B2%E0%B9%80%E0%B8%81%E0%B8%A5%E0%B8%B7%E0%B8%AD,%E0%B9%81%E0%B8%AB%E0%B8%A5%E0%B8%A1%E0%B8%89%E0%B8%9A%E0%B8%B1%E0%B8%87,%E0%B8%99%E0%B8%B2%E0%B8%88%E0%B8%AD%E0%B8%A1%E0%B9%80%E0%B8%97%E0%B8%B5%E0%B8%A2%E0%B8%99%29/data=!4m7!3m6!1s0x3102bfc93cab48f5:0xc376eef99a0112ad!8m2!3d12.9685584!4d100.9061402!16s%2Fg%2F11sfhgr0lw!19sChIJ9UirPMm_AjERrRIBmvnudsM?authuser=0&hl=th&rclk=1","สิงห์ ไอศครีม(พัทยา,นาเกลือ,แหลมฉบัง,นาจอมเทียน)",5.0,(8),ไอศกรีม,?,302/9 สว่างฟ้า 5,เปิด,? ปิด 20:00,https://lh5.googleusercontent.com/p/AF1QipPkKwQyeFQxo-bs99f1GPzSvgBijL5khJlVAMwG=w80-h106-k-no,,12.9685584!4d100.9061402,,"12.9685584,100.9061402",12.9685584,100.9061402
https://www.google.co.th/maps/place/Swan+specialty+coffee+%26+bistro/data=!4m7!3m6!1s0x3102b5418713e313:0x8449b717c4e415f0!8m2!3d13.2614892!4d100.9291409!16s%2Fg%2F11pc9q8422!19sChIJE-MTh0G1AjER8BXkxBe3SYQ?authuser=0&hl=th&rclk=1,Swan specialty coffee & bistro,4.8,(251),ร้านกาแฟ,,,เปิด,? ปิด 17:00,https://lh5.googleusercontent.com/p/AF1QipMq8gDx28cpCdsZkKzJAE07J7KBMG4REsDET48h=w163-h92-k-no,,13.2614892!4d100.9291409,,"13.2614892,100.9291409",13.2614892,100.9291409
https://www.google.co.th/maps/place/%E0%B8%AE%E0%B8%B1%E0%B8%81%E0%B8%88%E0%B8%B1%E0%B8%87%E0%B9%84%E0%B8%AD%E0%B8%A8%E0%B8%84%E0%B8%A3%E0%B8%B5%E0%B8%A1/data=!4m7!3m6!1s0x3102b9a3753ab68f:0xc6df7d45cf898c3d!8m2!3d13.089883!4d100.9182747!16s%2Fg%2F11c529xg_8!19sChIJj7Y6daO5AjERPYyJz0V938Y?authuser=0&hl=th&rclk=1,ฮักจังไอศครีม,4.0,(2),ไอศกรีม,?,53 ถ. สุขุมวิท,ปิดอยู่,? เปิด 10:00,https://lh5.googleusercontent.com/p/AF1QipPoWMWaqfJbLB1J5zK9Lce0zsv2a42xAT-_RP_6=w122-h92-k-no,,13.089883!4d100.9182747,,"13.089883,100.9182747",13.089883,100.9182747
https://www.google.co.th/maps/place/Sobar+Bang+Saen/data=!4m7!3m6!1s0x3102b539a1fe4cef:0x555746be51af25ee!8m2!3d13.2949216!4d100.9186027!16s%2Fg%2F11t7cqhz4t!19sChIJ70z-oTm1AjER7iWvUb5GV1U?authuser=0&hl=th&rclk=1,Sobar Bang Saen,4.9,(52),ร้านกาแฟ,?,เลขที่ 56/3 ถนน ข้าวหลาม,เปิด,? ปิด 16:00,https://lh5.googleusercontent.com/p/AF1QipMjS2p3e-XX6R2InU667UTiaeX_z8Bi5lacflJE=w80-h106-k-no,,13.2949216!4d100.9186027,,"13.2949216,100.9186027",13.2949216,100.9186027
https://www.google.co.th/maps/place/Daily+Soft+%28%E0%B9%80%E0%B8%94%E0%B8%A5%E0%B8%B5%E0%B9%88%E0%B8%8B%E0%B8%AD%E0%B8%9F+%E0%B9%83%E0%B8%AB%E0%B9%89%E0%B8%97%E0%B8%B8%E0%B8%81%E0%B8%A7%E0%B8%B1%E0%B8%99%E0%B9%80%E0%B8%9B%E0%B9%87%E0%B8%99%E0%B8%A7%E0%B8%B1%E0%B8%99%E0%B8%8B%E0%B8%AD%E0%B8%9F%E0%B9%86%29/data=!4m7!3m6!1s0x3102b7e45669b20b:0xecedac27ac5e9e0b!8m2!3d13.1309109!4d100.9413713!16s%2Fg%2F11v4m8s1p8!19sChIJC7JpVuS3AjERC55erCes7ew?authuser=0&hl=th&rclk=1,Daily Soft (เดลี่ซอฟ ให้ทุกวันเป็นวันซอฟๆ),4.6,(5),ไอศกรีม,?,79/3 ถ. เก้ากิโล,ปิดอยู่,? เปิด 11:00,https://lh5.googleusercontent.com/p/AF1QipMlqYIEOS_3rC0Xf9FZyGx5QQWg1giIJ0gEqEY=w80-h106-k-no,,13.1309109!4d100.9413713,,"13.1309109,100.9413713",13.1309109,100.9413713
https://www.google.co.th/maps/place/%E0%B9%84%E0%B8%AD%E0%B8%95%E0%B8%B4%E0%B8%A1%E0%B8%97%E0%B8%AD%E0%B8%94%E0%B8%98%E0%B8%B2%E0%B8%95%E0%B8%B8%E0%B8%AB%E0%B8%A7%E0%B8%B2%E0%B8%99/data=!4m7!3m6!1s0x3102b7b0d659c309:0xc4e790128fb79884!8m2!3d13.1639361!4d100.9209272!16s%2Fg%2F11v67k70w1!19sChIJCcNZ1rC3AjERhJi3jxKQ58Q?authuser=0&hl=th&rclk=1,ไอติมทอดธาตุหวาน,4.4,(7),ของหวาน,?,ศรีราชา 200/17,ปิดอยู่,? เปิด 15:30,https://lh5.googleusercontent.com/p/AF1QipMSNPWik7UBXT9zitnvxjpePim9qBqnEYheSihc=w80-h106-k-no,,13.1639361!4d100.9209272,,"13.1639361,100.9209272",13.1639361,100.9209272
https://www.google.co.th/maps/place/Dairy+Queen+CENTRAL+SRIRACHA/data=!4m7!3m6!1s0x3102b7643bb3cee9:0xdddf06fe1d7baecd!8m2!3d13.1788928!4d100.9311045!16s%2Fg%2F11spxhrkpp!19sChIJ6c6zO2S3AjERza57Hf4G390?authuser=0&hl=th&rclk=1,Dairy Queen CENTRAL SRIRACHA,2.3,(8),ไอศกรีม,?,5WHJ+GCX,ปิดอยู่,? เปิด 10:00,https://lh5.googleusercontent.com/p/AF1QipP53cRYBqhHoir6lhncq35s4Vk3l76NX5eDIHo=w122-h92-k-no,,13.1788928!4d100.9311045,,"13.1788928,100.9311045",13.1788928,100.9311045
,,,,,,,,,,,,,,,
